"LOCATION","INDICATOR","SUBJECT","MEASURE","FREQUENCY","TIME","Value","Flag Codes"
"MLT","ROADACCID","ACCIDENTCASUAL","NBR","A","1998",10095,
"MLT","ROADACCID","ACCIDENTCASUAL","NBR","A","1999",11456,
"MLT","ROADACCID","ACCIDENTCASUAL","NBR","A","2000",12654,
"MLT","ROADACCID","ACCIDENTCASUAL","NBR","A","2001",13372,
"MLT","ROADACCID","ACCIDENTCASUAL","NBR","A","2002",14062,
"MLT","ROADACCID","ACCIDENTCASUAL","NBR","A","2003",13979,
"MLT","ROADACCID","ACCIDENTCASUAL","NBR","A","2004",15643,
"MLT","ROADACCID","ACCIDENTCASUAL","NBR","A","2005",15584,
"MLT","ROADACCID","ACCIDENTCASUAL","NBR","A","2006",15549,
"MLT","ROADACCID","ACCIDENTCASUAL","NBR","A","2007",16138,
"MLT","ROADACCID","ACCIDENTCASUAL","NBR","A","2008",15007,
"MLT","ROADACCID","ACCIDENTCASUAL","NBR","A","2009",14877,
"MLT","ROADACCID","ACCIDENTCASUAL","NBR","A","2010",13727,
"MLT","ROADACCID","ACCIDENTCASUAL","NBR","A","2011",14624,
"MLT","ROADACCID","ACCIDENTCASUAL","NBR","A","2012",14546,
"MLT","ROADACCID","ACCIDENTCASUAL","NBR","A","2013",14070,
"MLT","ROADACCID","ACCIDENTCASUAL","NBR","A","2014",14473,
"MLT","ROADACCID","ACCIDENTCASUAL","NBR","A","2015",15504,
"MLT","ROADACCID","ACCIDENTCASUAL","NBR","A","2016",15017,
"MLT","ROADACCID","ACCIDENTCASUAL","NBR","A","2017",15003,
"FIN","ROADACCID","ACCIDENTCASUAL","NBR","A","1970",11439,
"FIN","ROADACCID","ACCIDENTCASUAL","NBR","A","1971",11465,
"FIN","ROADACCID","ACCIDENTCASUAL","NBR","A","1972",11553,
"FIN","ROADACCID","ACCIDENTCASUAL","NBR","A","1973",11395,
"FIN","ROADACCID","ACCIDENTCASUAL","NBR","A","1974",10359,
"FIN","ROADACCID","ACCIDENTCASUAL","NBR","A","1975",10337,
"FIN","ROADACCID","ACCIDENTCASUAL","NBR","A","1976",8630,
"FIN","ROADACCID","ACCIDENTCASUAL","NBR","A","1977",8288,
"FIN","ROADACCID","ACCIDENTCASUAL","NBR","A","1978",7001,
"FIN","ROADACCID","ACCIDENTCASUAL","NBR","A","1979",6938,
"FIN","ROADACCID","ACCIDENTCASUAL","NBR","A","1980",6790,
"FIN","ROADACCID","ACCIDENTCASUAL","NBR","A","1981",7173,
"FIN","ROADACCID","ACCIDENTCASUAL","NBR","A","1982",7402,
"FIN","ROADACCID","ACCIDENTCASUAL","NBR","A","1983",7673,
"FIN","ROADACCID","ACCIDENTCASUAL","NBR","A","1984",7543,
"FIN","ROADACCID","ACCIDENTCASUAL","NBR","A","1985",7759,
"FIN","ROADACCID","ACCIDENTCASUAL","NBR","A","1986",8708,
"FIN","ROADACCID","ACCIDENTCASUAL","NBR","A","1987",8636,
"FIN","ROADACCID","ACCIDENTCASUAL","NBR","A","1988",9569,
"FIN","ROADACCID","ACCIDENTCASUAL","NBR","A","1989",9682,
"FIN","ROADACCID","ACCIDENTCASUAL","NBR","A","1990",10175,
"FIN","ROADACCID","ACCIDENTCASUAL","NBR","A","1991",9374,
"FIN","ROADACCID","ACCIDENTCASUAL","NBR","A","1992",7882,
"FIN","ROADACCID","ACCIDENTCASUAL","NBR","A","1993",6147,
"FIN","ROADACCID","ACCIDENTCASUAL","NBR","A","1994",6245,
"FIN","ROADACCID","ACCIDENTCASUAL","NBR","A","1995",7812,"B"
"FIN","ROADACCID","ACCIDENTCASUAL","NBR","A","1996",7274,
"FIN","ROADACCID","ACCIDENTCASUAL","NBR","A","1997",6980,
"FIN","ROADACCID","ACCIDENTCASUAL","NBR","A","1998",6902,
"FIN","ROADACCID","ACCIDENTCASUAL","NBR","A","1999",6997,
"FIN","ROADACCID","ACCIDENTCASUAL","NBR","A","2000",6633,
"FIN","ROADACCID","ACCIDENTCASUAL","NBR","A","2001",6451,
"FIN","ROADACCID","ACCIDENTCASUAL","NBR","A","2002",6196,
"FIN","ROADACCID","ACCIDENTCASUAL","NBR","A","2003",6907,"B"
"FIN","ROADACCID","ACCIDENTCASUAL","NBR","A","2004",6767,
"FIN","ROADACCID","ACCIDENTCASUAL","NBR","A","2005",7022,
"FIN","ROADACCID","ACCIDENTCASUAL","NBR","A","2006",6740,
"FIN","ROADACCID","ACCIDENTCASUAL","NBR","A","2007",6657,
"FIN","ROADACCID","ACCIDENTCASUAL","NBR","A","2008",6881,
"FIN","ROADACCID","ACCIDENTCASUAL","NBR","A","2009",6414,
"FIN","ROADACCID","ACCIDENTCASUAL","NBR","A","2010",6072,
"FIN","ROADACCID","ACCIDENTCASUAL","NBR","A","2011",6408,
"FIN","ROADACCID","ACCIDENTCASUAL","NBR","A","2012",5725,
"FIN","ROADACCID","ACCIDENTCASUAL","NBR","A","2013",5334,
"FIN","ROADACCID","ACCIDENTCASUAL","NBR","A","2014",5324,
"FIN","ROADACCID","ACCIDENTCASUAL","NBR","A","2015",5185,
"FIN","ROADACCID","ACCIDENTCASUAL","NBR","A","2016",4752,
"FIN","ROADACCID","ACCIDENTCASUAL","NBR","A","2017",4432,
"FIN","ROADACCID","ACCIDENTCASUAL","NBR","A","2018",4312,
"FIN","ROADACCID","ACCIDENTCASUAL","NBR","A","2019",4002,
"FIN","ROADACCID","ACCIDENTCASUAL","NBR","A","2020",3591,"P"
"LUX","ROADACCID","ACCIDENTCASUAL","NBR","A","1970",1607,
"LUX","ROADACCID","ACCIDENTCASUAL","NBR","A","1971",1602,
"LUX","ROADACCID","ACCIDENTCASUAL","NBR","A","1972",1805,
"LUX","ROADACCID","ACCIDENTCASUAL","NBR","A","1973",1817,
"LUX","ROADACCID","ACCIDENTCASUAL","NBR","A","1974",1886,
"LUX","ROADACCID","ACCIDENTCASUAL","NBR","A","1975",1866,
"LUX","ROADACCID","ACCIDENTCASUAL","NBR","A","1976",1696,
"LUX","ROADACCID","ACCIDENTCASUAL","NBR","A","1977",1698,
"LUX","ROADACCID","ACCIDENTCASUAL","NBR","A","1978",1564,
"LUX","ROADACCID","ACCIDENTCASUAL","NBR","A","1979",1565,
"LUX","ROADACCID","ACCIDENTCASUAL","NBR","A","1980",1577,
"LUX","ROADACCID","ACCIDENTCASUAL","NBR","A","1981",1487,
"LUX","ROADACCID","ACCIDENTCASUAL","NBR","A","1982",1361,
"LUX","ROADACCID","ACCIDENTCASUAL","NBR","A","1983",1429,
"LUX","ROADACCID","ACCIDENTCASUAL","NBR","A","1984",1423,
"LUX","ROADACCID","ACCIDENTCASUAL","NBR","A","1985",1332,
"LUX","ROADACCID","ACCIDENTCASUAL","NBR","A","1986",1348,
"LUX","ROADACCID","ACCIDENTCASUAL","NBR","A","1987",1181,
"LUX","ROADACCID","ACCIDENTCASUAL","NBR","A","1988",1258,
"LUX","ROADACCID","ACCIDENTCASUAL","NBR","A","1989",1296,
"LUX","ROADACCID","ACCIDENTCASUAL","NBR","A","1990",1216,
"LUX","ROADACCID","ACCIDENTCASUAL","NBR","A","1991",1129,
"LUX","ROADACCID","ACCIDENTCASUAL","NBR","A","1992",1139,
"LUX","ROADACCID","ACCIDENTCASUAL","NBR","A","1993",1184,
"LUX","ROADACCID","ACCIDENTCASUAL","NBR","A","1994",1110,
"LUX","ROADACCID","ACCIDENTCASUAL","NBR","A","1995",1145,
"LUX","ROADACCID","ACCIDENTCASUAL","NBR","A","1996",1050,
"LUX","ROADACCID","ACCIDENTCASUAL","NBR","A","1997",1017,
"LUX","ROADACCID","ACCIDENTCASUAL","NBR","A","1998",1058,
"LUX","ROADACCID","ACCIDENTCASUAL","NBR","A","1999",1076,
"LUX","ROADACCID","ACCIDENTCASUAL","NBR","A","2000",901,
"LUX","ROADACCID","ACCIDENTCASUAL","NBR","A","2001",774,
"LUX","ROADACCID","ACCIDENTCASUAL","NBR","A","2002",771,
"LUX","ROADACCID","ACCIDENTCASUAL","NBR","A","2003",720,
"LUX","ROADACCID","ACCIDENTCASUAL","NBR","A","2004",716,
"LUX","ROADACCID","ACCIDENTCASUAL","NBR","A","2005",777,
"LUX","ROADACCID","ACCIDENTCASUAL","NBR","A","2006",805,
"LUX","ROADACCID","ACCIDENTCASUAL","NBR","A","2007",954,
"LUX","ROADACCID","ACCIDENTCASUAL","NBR","A","2008",927,
"LUX","ROADACCID","ACCIDENTCASUAL","NBR","A","2009",869,
"LUX","ROADACCID","ACCIDENTCASUAL","NBR","A","2010",876,
"LUX","ROADACCID","ACCIDENTCASUAL","NBR","A","2011",962,
"LUX","ROADACCID","ACCIDENTCASUAL","NBR","A","2012",1019,
"LUX","ROADACCID","ACCIDENTCASUAL","NBR","A","2013",949,
"LUX","ROADACCID","ACCIDENTCASUAL","NBR","A","2014",908,
"LUX","ROADACCID","ACCIDENTCASUAL","NBR","A","2015",983,
"LUX","ROADACCID","ACCIDENTCASUAL","NBR","A","2016",941,
"LUX","ROADACCID","ACCIDENTCASUAL","NBR","A","2017",955,
"LUX","ROADACCID","ACCIDENTCASUAL","NBR","A","2018",947,
"POL","ROADACCID","ACCIDENTCASUAL","NBR","A","1970",41813,
"POL","ROADACCID","ACCIDENTCASUAL","NBR","A","1971",41331,"E"
"POL","ROADACCID","ACCIDENTCASUAL","NBR","A","1972",40849,"E"
"POL","ROADACCID","ACCIDENTCASUAL","NBR","A","1973",40367,"E"
"POL","ROADACCID","ACCIDENTCASUAL","NBR","A","1974",39885,"E"
"POL","ROADACCID","ACCIDENTCASUAL","NBR","A","1975",39404,
"POL","ROADACCID","ACCIDENTCASUAL","NBR","A","1976",39330,"E"
"POL","ROADACCID","ACCIDENTCASUAL","NBR","A","1977",39255,"E"
"POL","ROADACCID","ACCIDENTCASUAL","NBR","A","1978",39181,
"POL","ROADACCID","ACCIDENTCASUAL","NBR","A","1979",39036,
"POL","ROADACCID","ACCIDENTCASUAL","NBR","A","1980",40373,
"POL","ROADACCID","ACCIDENTCASUAL","NBR","A","1981",43755,
"POL","ROADACCID","ACCIDENTCASUAL","NBR","A","1982",38832,
"POL","ROADACCID","ACCIDENTCASUAL","NBR","A","1983",40454,
"POL","ROADACCID","ACCIDENTCASUAL","NBR","A","1984",35768,
"POL","ROADACCID","ACCIDENTCASUAL","NBR","A","1985",36100,
"POL","ROADACCID","ACCIDENTCASUAL","NBR","A","1986",37133,
"POL","ROADACCID","ACCIDENTCASUAL","NBR","A","1987",36433,
"POL","ROADACCID","ACCIDENTCASUAL","NBR","A","1988",37538,
"POL","ROADACCID","ACCIDENTCASUAL","NBR","A","1989",46338,
"POL","ROADACCID","ACCIDENTCASUAL","NBR","A","1990",50532,
"POL","ROADACCID","ACCIDENTCASUAL","NBR","A","1991",54038,
"POL","ROADACCID","ACCIDENTCASUAL","NBR","A","1992",50990,
"POL","ROADACCID","ACCIDENTCASUAL","NBR","A","1993",48901,
"POL","ROADACCID","ACCIDENTCASUAL","NBR","A","1994",53647,
"POL","ROADACCID","ACCIDENTCASUAL","NBR","A","1995",56904,
"POL","ROADACCID","ACCIDENTCASUAL","NBR","A","1996",57911,
"POL","ROADACCID","ACCIDENTCASUAL","NBR","A","1997",66582,
"POL","ROADACCID","ACCIDENTCASUAL","NBR","A","1998",61855,
"POL","ROADACCID","ACCIDENTCASUAL","NBR","A","1999",55106,
"POL","ROADACCID","ACCIDENTCASUAL","NBR","A","2000",57331,
"POL","ROADACCID","ACCIDENTCASUAL","NBR","A","2001",53799,
"POL","ROADACCID","ACCIDENTCASUAL","NBR","A","2002",53559,
"POL","ROADACCID","ACCIDENTCASUAL","NBR","A","2003",51078,
"POL","ROADACCID","ACCIDENTCASUAL","NBR","A","2004",51069,
"POL","ROADACCID","ACCIDENTCASUAL","NBR","A","2005",48100,
"POL","ROADACCID","ACCIDENTCASUAL","NBR","A","2006",46876,
"POL","ROADACCID","ACCIDENTCASUAL","NBR","A","2007",49536,
"POL","ROADACCID","ACCIDENTCASUAL","NBR","A","2008",49054,
"POL","ROADACCID","ACCIDENTCASUAL","NBR","A","2009",44196,
"POL","ROADACCID","ACCIDENTCASUAL","NBR","A","2010",38832,
"POL","ROADACCID","ACCIDENTCASUAL","NBR","A","2011",40065,
"POL","ROADACCID","ACCIDENTCASUAL","NBR","A","2012",37062,
"POL","ROADACCID","ACCIDENTCASUAL","NBR","A","2013",35847,
"POL","ROADACCID","ACCIDENTCASUAL","NBR","A","2014",34970,
"POL","ROADACCID","ACCIDENTCASUAL","NBR","A","2015",32967,
"POL","ROADACCID","ACCIDENTCASUAL","NBR","A","2016",33664,
"POL","ROADACCID","ACCIDENTCASUAL","NBR","A","2017",32760,
"POL","ROADACCID","ACCIDENTCASUAL","NBR","A","2018",31674,
"POL","ROADACCID","ACCIDENTCASUAL","NBR","A","2019",30288,
"POL","ROADACCID","ACCIDENTCASUAL","NBR","A","2020",23540,
"ITA","ROADACCID","ACCIDENTCASUAL","NBR","A","1970",307710,
"ITA","ROADACCID","ACCIDENTCASUAL","NBR","A","1971",313265,
"ITA","ROADACCID","ACCIDENTCASUAL","NBR","A","1972",332591,
"ITA","ROADACCID","ACCIDENTCASUAL","NBR","A","1973",325286,
"ITA","ROADACCID","ACCIDENTCASUAL","NBR","A","1974",287400,
"ITA","ROADACCID","ACCIDENTCASUAL","NBR","A","1975",282266,
"ITA","ROADACCID","ACCIDENTCASUAL","NBR","A","1976",272710,
"ITA","ROADACCID","ACCIDENTCASUAL","NBR","A","1977",265562,
"ITA","ROADACCID","ACCIDENTCASUAL","NBR","A","1978",263674,
"ITA","ROADACCID","ACCIDENTCASUAL","NBR","A","1979",270923,
"ITA","ROADACCID","ACCIDENTCASUAL","NBR","A","1980",163770,
"ITA","ROADACCID","ACCIDENTCASUAL","NBR","A","1981",165721,
"ITA","ROADACCID","ACCIDENTCASUAL","NBR","A","1982",159858,
"ITA","ROADACCID","ACCIDENTCASUAL","NBR","A","1983",161114,
"ITA","ROADACCID","ACCIDENTCASUAL","NBR","A","1984",159051,
"ITA","ROADACCID","ACCIDENTCASUAL","NBR","A","1985",157786,
"ITA","ROADACCID","ACCIDENTCASUAL","NBR","A","1986",155427,
"ITA","ROADACCID","ACCIDENTCASUAL","NBR","A","1987",158208,
"ITA","ROADACCID","ACCIDENTCASUAL","NBR","A","1988",166033,
"ITA","ROADACCID","ACCIDENTCASUAL","NBR","A","1989",160828,
"ITA","ROADACCID","ACCIDENTCASUAL","NBR","A","1990",161782,
"ITA","ROADACCID","ACCIDENTCASUAL","NBR","A","1991",170702,
"ITA","ROADACCID","ACCIDENTCASUAL","NBR","A","1992",166815,
"ITA","ROADACCID","ACCIDENTCASUAL","NBR","A","1993",153393,
"ITA","ROADACCID","ACCIDENTCASUAL","NBR","A","1994",170679,
"ITA","ROADACCID","ACCIDENTCASUAL","NBR","A","1995",182761,
"ITA","ROADACCID","ACCIDENTCASUAL","NBR","A","1996",190068,
"ITA","ROADACCID","ACCIDENTCASUAL","NBR","A","1997",190031,
"ITA","ROADACCID","ACCIDENTCASUAL","NBR","A","1998",204615,
"ITA","ROADACCID","ACCIDENTCASUAL","NBR","A","1999",225646,
"ITA","ROADACCID","ACCIDENTCASUAL","NBR","A","2000",256546,
"ITA","ROADACCID","ACCIDENTCASUAL","NBR","A","2001",263100,
"ITA","ROADACCID","ACCIDENTCASUAL","NBR","A","2002",265402,
"ITA","ROADACCID","ACCIDENTCASUAL","NBR","A","2003",252271,
"ITA","ROADACCID","ACCIDENTCASUAL","NBR","A","2004",243490,
"ITA","ROADACCID","ACCIDENTCASUAL","NBR","A","2005",240011,
"ITA","ROADACCID","ACCIDENTCASUAL","NBR","A","2006",238124,
"ITA","ROADACCID","ACCIDENTCASUAL","NBR","A","2007",230871,
"ITA","ROADACCID","ACCIDENTCASUAL","NBR","A","2008",218963,
"ITA","ROADACCID","ACCIDENTCASUAL","NBR","A","2009",215405,
"ITA","ROADACCID","ACCIDENTCASUAL","NBR","A","2010",212997,
"ITA","ROADACCID","ACCIDENTCASUAL","NBR","A","2011",205638,
"ITA","ROADACCID","ACCIDENTCASUAL","NBR","A","2012",188228,
"ITA","ROADACCID","ACCIDENTCASUAL","NBR","A","2013",181660,
"ITA","ROADACCID","ACCIDENTCASUAL","NBR","A","2014",177031,
"ITA","ROADACCID","ACCIDENTCASUAL","NBR","A","2015",174539,
"ITA","ROADACCID","ACCIDENTCASUAL","NBR","A","2016",175791,
"ITA","ROADACCID","ACCIDENTCASUAL","NBR","A","2017",174933,
"ITA","ROADACCID","ACCIDENTCASUAL","NBR","A","2018",172344,
"ITA","ROADACCID","ACCIDENTCASUAL","NBR","A","2019",172183,
"ITA","ROADACCID","ACCIDENTCASUAL","NBR","A","2020",118298,
"BGR","ROADACCID","ACCIDENTCASUAL","NBR","A","1970",5831,"E"
"BGR","ROADACCID","ACCIDENTCASUAL","NBR","A","1971",5794,"E"
"BGR","ROADACCID","ACCIDENTCASUAL","NBR","A","1972",5579,"E"
"BGR","ROADACCID","ACCIDENTCASUAL","NBR","A","1973",5487,"E"
"BGR","ROADACCID","ACCIDENTCASUAL","NBR","A","1974",5397,"E"
"BGR","ROADACCID","ACCIDENTCASUAL","NBR","A","1975",5451,"E"
"BGR","ROADACCID","ACCIDENTCASUAL","NBR","A","1976",5453,
"BGR","ROADACCID","ACCIDENTCASUAL","NBR","A","1977",5218,
"BGR","ROADACCID","ACCIDENTCASUAL","NBR","A","1978",5489,
"BGR","ROADACCID","ACCIDENTCASUAL","NBR","A","1979",5158,
"BGR","ROADACCID","ACCIDENTCASUAL","NBR","A","1980",5651,
"BGR","ROADACCID","ACCIDENTCASUAL","NBR","A","1981",5290,
"BGR","ROADACCID","ACCIDENTCASUAL","NBR","A","1982",5164,
"BGR","ROADACCID","ACCIDENTCASUAL","NBR","A","1983",4715,
"BGR","ROADACCID","ACCIDENTCASUAL","NBR","A","1984",5251,
"BGR","ROADACCID","ACCIDENTCASUAL","NBR","A","1985",5082,
"BGR","ROADACCID","ACCIDENTCASUAL","NBR","A","1986",4802,
"BGR","ROADACCID","ACCIDENTCASUAL","NBR","A","1987",5845,
"BGR","ROADACCID","ACCIDENTCASUAL","NBR","A","1988",5973,
"BGR","ROADACCID","ACCIDENTCASUAL","NBR","A","1989",6313,
"BGR","ROADACCID","ACCIDENTCASUAL","NBR","A","1990",6478,
"BGR","ROADACCID","ACCIDENTCASUAL","NBR","A","1991",4875,
"BGR","ROADACCID","ACCIDENTCASUAL","NBR","A","1992",7206,
"BGR","ROADACCID","ACCIDENTCASUAL","NBR","A","1993",7355,
"BGR","ROADACCID","ACCIDENTCASUAL","NBR","A","1994",7288,
"BGR","ROADACCID","ACCIDENTCASUAL","NBR","A","1995",7435,
"BGR","ROADACCID","ACCIDENTCASUAL","NBR","A","1996",6351,
"BGR","ROADACCID","ACCIDENTCASUAL","NBR","A","1997",6018,
"BGR","ROADACCID","ACCIDENTCASUAL","NBR","A","1998",6905,
"BGR","ROADACCID","ACCIDENTCASUAL","NBR","A","1999",7586,
"BGR","ROADACCID","ACCIDENTCASUAL","NBR","A","2000",6886,
"BGR","ROADACCID","ACCIDENTCASUAL","NBR","A","2001",6709,
"BGR","ROADACCID","ACCIDENTCASUAL","NBR","A","2002",6769,
"BGR","ROADACCID","ACCIDENTCASUAL","NBR","A","2003",6997,
"BGR","ROADACCID","ACCIDENTCASUAL","NBR","A","2004",7612,
"BGR","ROADACCID","ACCIDENTCASUAL","NBR","A","2005",8224,
"BGR","ROADACCID","ACCIDENTCASUAL","NBR","A","2006",8222,
"BGR","ROADACCID","ACCIDENTCASUAL","NBR","A","2007",8010,
"BGR","ROADACCID","ACCIDENTCASUAL","NBR","A","2008",8045,
"BGR","ROADACCID","ACCIDENTCASUAL","NBR","A","2009",7068,
"BGR","ROADACCID","ACCIDENTCASUAL","NBR","A","2010",6609,
"BGR","ROADACCID","ACCIDENTCASUAL","NBR","A","2011",6639,
"BGR","ROADACCID","ACCIDENTCASUAL","NBR","A","2012",6717,
"BGR","ROADACCID","ACCIDENTCASUAL","NBR","A","2013",7015,
"BGR","ROADACCID","ACCIDENTCASUAL","NBR","A","2014",7018,
"BGR","ROADACCID","ACCIDENTCASUAL","NBR","A","2015",7225,
"BGR","ROADACCID","ACCIDENTCASUAL","NBR","A","2016",7404,
"BGR","ROADACCID","ACCIDENTCASUAL","NBR","A","2017",6888,
"BGR","ROADACCID","ACCIDENTCASUAL","NBR","A","2018",6684,
"BGR","ROADACCID","ACCIDENTCASUAL","NBR","A","2019",6730,
"BGR","ROADACCID","ACCIDENTCASUAL","NBR","A","2020",5710,
"HRV","ROADACCID","ACCIDENTCASUAL","NBR","A","1970",11088,"E"
"HRV","ROADACCID","ACCIDENTCASUAL","NBR","A","1971",10432,
"HRV","ROADACCID","ACCIDENTCASUAL","NBR","A","1972",10936,
"HRV","ROADACCID","ACCIDENTCASUAL","NBR","A","1973",10442,
"HRV","ROADACCID","ACCIDENTCASUAL","NBR","A","1974",10262,
"HRV","ROADACCID","ACCIDENTCASUAL","NBR","A","1975",10509,
"HRV","ROADACCID","ACCIDENTCASUAL","NBR","A","1976",10775,
"HRV","ROADACCID","ACCIDENTCASUAL","NBR","A","1977",12924,
"HRV","ROADACCID","ACCIDENTCASUAL","NBR","A","1978",13318,
"HRV","ROADACCID","ACCIDENTCASUAL","NBR","A","1979",14014,
"HRV","ROADACCID","ACCIDENTCASUAL","NBR","A","1980",15053,
"HRV","ROADACCID","ACCIDENTCASUAL","NBR","A","1981",13716,
"HRV","ROADACCID","ACCIDENTCASUAL","NBR","A","1982",13441,
"HRV","ROADACCID","ACCIDENTCASUAL","NBR","A","1983",12238,
"HRV","ROADACCID","ACCIDENTCASUAL","NBR","A","1984",11896,
"HRV","ROADACCID","ACCIDENTCASUAL","NBR","A","1985",12072,
"HRV","ROADACCID","ACCIDENTCASUAL","NBR","A","1986",13501,
"HRV","ROADACCID","ACCIDENTCASUAL","NBR","A","1987",13985,
"HRV","ROADACCID","ACCIDENTCASUAL","NBR","A","1988",14048,
"HRV","ROADACCID","ACCIDENTCASUAL","NBR","A","1989",13888,
"HRV","ROADACCID","ACCIDENTCASUAL","NBR","A","1990",14471,
"HRV","ROADACCID","ACCIDENTCASUAL","NBR","A","1991",11559,
"HRV","ROADACCID","ACCIDENTCASUAL","NBR","A","1992",12758,
"HRV","ROADACCID","ACCIDENTCASUAL","NBR","A","1993",11529,
"HRV","ROADACCID","ACCIDENTCASUAL","NBR","A","1994",12846,
"HRV","ROADACCID","ACCIDENTCASUAL","NBR","A","1995",12668,
"HRV","ROADACCID","ACCIDENTCASUAL","NBR","A","1996",11740,
"HRV","ROADACCID","ACCIDENTCASUAL","NBR","A","1997",11652,
"HRV","ROADACCID","ACCIDENTCASUAL","NBR","A","1998",12846,
"HRV","ROADACCID","ACCIDENTCASUAL","NBR","A","1999",12958,
"HRV","ROADACCID","ACCIDENTCASUAL","NBR","A","2000",14430,
"HRV","ROADACCID","ACCIDENTCASUAL","NBR","A","2001",15656,
"HRV","ROADACCID","ACCIDENTCASUAL","NBR","A","2002",17071,
"HRV","ROADACCID","ACCIDENTCASUAL","NBR","A","2003",18592,
"HRV","ROADACCID","ACCIDENTCASUAL","NBR","A","2004",17140,
"HRV","ROADACCID","ACCIDENTCASUAL","NBR","A","2005",15679,
"HRV","ROADACCID","ACCIDENTCASUAL","NBR","A","2006",16706,
"HRV","ROADACCID","ACCIDENTCASUAL","NBR","A","2007",18029,
"HRV","ROADACCID","ACCIDENTCASUAL","NBR","A","2008",16283,
"HRV","ROADACCID","ACCIDENTCASUAL","NBR","A","2009",15730,
"HRV","ROADACCID","ACCIDENTCASUAL","NBR","A","2010",13272,
"HRV","ROADACCID","ACCIDENTCASUAL","NBR","A","2011",13228,
"HRV","ROADACCID","ACCIDENTCASUAL","NBR","A","2012",11773,
"HRV","ROADACCID","ACCIDENTCASUAL","NBR","A","2013",11225,
"HRV","ROADACCID","ACCIDENTCASUAL","NBR","A","2014",10607,
"HRV","ROADACCID","ACCIDENTCASUAL","NBR","A","2015",11038,
"HRV","ROADACCID","ACCIDENTCASUAL","NBR","A","2016",10779,
"HRV","ROADACCID","ACCIDENTCASUAL","NBR","A","2017",10939,
"HRV","ROADACCID","ACCIDENTCASUAL","NBR","A","2018",10450,
"HRV","ROADACCID","ACCIDENTCASUAL","NBR","A","2019",9695,
"HRV","ROADACCID","ACCIDENTCASUAL","NBR","A","2020",7710,
"FRA","ROADACCID","ACCIDENTCASUAL","NBR","A","1970",235109,
"FRA","ROADACCID","ACCIDENTCASUAL","NBR","A","1971",249828,
"FRA","ROADACCID","ACCIDENTCASUAL","NBR","A","1972",274476,
"FRA","ROADACCID","ACCIDENTCASUAL","NBR","A","1973",270618,
"FRA","ROADACCID","ACCIDENTCASUAL","NBR","A","1974",260187,
"FRA","ROADACCID","ACCIDENTCASUAL","NBR","A","1975",258201,
"FRA","ROADACCID","ACCIDENTCASUAL","NBR","A","1976",261275,
"FRA","ROADACCID","ACCIDENTCASUAL","NBR","A","1977",257698,
"FRA","ROADACCID","ACCIDENTCASUAL","NBR","A","1978",247785,
"FRA","ROADACCID","ACCIDENTCASUAL","NBR","A","1979",253208,
"FRA","ROADACCID","ACCIDENTCASUAL","NBR","A","1980",248469,
"FRA","ROADACCID","ACCIDENTCASUAL","NBR","A","1981",239734,
"FRA","ROADACCID","ACCIDENTCASUAL","NBR","A","1982",230701,
"FRA","ROADACCID","ACCIDENTCASUAL","NBR","A","1983",216139,
"FRA","ROADACCID","ACCIDENTCASUAL","NBR","A","1984",202637,
"FRA","ROADACCID","ACCIDENTCASUAL","NBR","A","1985",191132,
"FRA","ROADACCID","ACCIDENTCASUAL","NBR","A","1986",184626,
"FRA","ROADACCID","ACCIDENTCASUAL","NBR","A","1987",170994,
"FRA","ROADACCID","ACCIDENTCASUAL","NBR","A","1988",175887,
"FRA","ROADACCID","ACCIDENTCASUAL","NBR","A","1989",170590,
"FRA","ROADACCID","ACCIDENTCASUAL","NBR","A","1990",162573,
"FRA","ROADACCID","ACCIDENTCASUAL","NBR","A","1991",148890,
"FRA","ROADACCID","ACCIDENTCASUAL","NBR","A","1992",143362,
"FRA","ROADACCID","ACCIDENTCASUAL","NBR","A","1993",137500,
"FRA","ROADACCID","ACCIDENTCASUAL","NBR","A","1994",132726,
"FRA","ROADACCID","ACCIDENTCASUAL","NBR","A","1995",132949,
"FRA","ROADACCID","ACCIDENTCASUAL","NBR","A","1996",125406,
"FRA","ROADACCID","ACCIDENTCASUAL","NBR","A","1997",125202,
"FRA","ROADACCID","ACCIDENTCASUAL","NBR","A","1998",124387,
"FRA","ROADACCID","ACCIDENTCASUAL","NBR","A","1999",124524,
"FRA","ROADACCID","ACCIDENTCASUAL","NBR","A","2000",121223,
"FRA","ROADACCID","ACCIDENTCASUAL","NBR","A","2001",116745,
"FRA","ROADACCID","ACCIDENTCASUAL","NBR","A","2002",105470,
"FRA","ROADACCID","ACCIDENTCASUAL","NBR","A","2003",90220,
"FRA","ROADACCID","ACCIDENTCASUAL","NBR","A","2004",85390,
"FRA","ROADACCID","ACCIDENTCASUAL","NBR","A","2005",84525,
"FRA","ROADACCID","ACCIDENTCASUAL","NBR","A","2006",80309,
"FRA","ROADACCID","ACCIDENTCASUAL","NBR","A","2007",81272,
"FRA","ROADACCID","ACCIDENTCASUAL","NBR","A","2008",74487,
"FRA","ROADACCID","ACCIDENTCASUAL","NBR","A","2009",72315,
"FRA","ROADACCID","ACCIDENTCASUAL","NBR","A","2010",67288,
"FRA","ROADACCID","ACCIDENTCASUAL","NBR","A","2011",65024,
"FRA","ROADACCID","ACCIDENTCASUAL","NBR","A","2012",60437,
"FRA","ROADACCID","ACCIDENTCASUAL","NBR","A","2013",56812,
"FRA","ROADACCID","ACCIDENTCASUAL","NBR","A","2014",58191,
"FRA","ROADACCID","ACCIDENTCASUAL","NBR","A","2015",56603,
"FRA","ROADACCID","ACCIDENTCASUAL","NBR","A","2016",57522,
"FRA","ROADACCID","ACCIDENTCASUAL","NBR","A","2017",58613,
"FRA","ROADACCID","ACCIDENTCASUAL","NBR","A","2018",55766,
"FRA","ROADACCID","ACCIDENTCASUAL","NBR","A","2019",56016,
"FRA","ROADACCID","ACCIDENTCASUAL","NBR","A","2020",45121,
"BEL","ROADACCID","ACCIDENTCASUAL","NBR","A","1970",77000,
"BEL","ROADACCID","ACCIDENTCASUAL","NBR","A","1971",72000,
"BEL","ROADACCID","ACCIDENTCASUAL","NBR","A","1972",76000,
"BEL","ROADACCID","ACCIDENTCASUAL","NBR","A","1973",66000,
"BEL","ROADACCID","ACCIDENTCASUAL","NBR","A","1974",66000,
"BEL","ROADACCID","ACCIDENTCASUAL","NBR","A","1975",60376,
"BEL","ROADACCID","ACCIDENTCASUAL","NBR","A","1976",63000,
"BEL","ROADACCID","ACCIDENTCASUAL","NBR","A","1977",63000,
"BEL","ROADACCID","ACCIDENTCASUAL","NBR","A","1978",64000,
"BEL","ROADACCID","ACCIDENTCASUAL","NBR","A","1979",60000,
"BEL","ROADACCID","ACCIDENTCASUAL","NBR","A","1980",60758,
"BEL","ROADACCID","ACCIDENTCASUAL","NBR","A","1981",59024,
"BEL","ROADACCID","ACCIDENTCASUAL","NBR","A","1982",57407,
"BEL","ROADACCID","ACCIDENTCASUAL","NBR","A","1983",58778,
"BEL","ROADACCID","ACCIDENTCASUAL","NBR","A","1984",58659,
"BEL","ROADACCID","ACCIDENTCASUAL","NBR","A","1985",54826,
"BEL","ROADACCID","ACCIDENTCASUAL","NBR","A","1986",58515,
"BEL","ROADACCID","ACCIDENTCASUAL","NBR","A","1987",59669,
"BEL","ROADACCID","ACCIDENTCASUAL","NBR","A","1988",61756,
"BEL","ROADACCID","ACCIDENTCASUAL","NBR","A","1989",62982,
"BEL","ROADACCID","ACCIDENTCASUAL","NBR","A","1990",62446,
"BEL","ROADACCID","ACCIDENTCASUAL","NBR","A","1991",58223,
"BEL","ROADACCID","ACCIDENTCASUAL","NBR","A","1992",55438,
"BEL","ROADACCID","ACCIDENTCASUAL","NBR","A","1993",54933,
"BEL","ROADACCID","ACCIDENTCASUAL","NBR","A","1994",53018,
"BEL","ROADACCID","ACCIDENTCASUAL","NBR","A","1995",51941,
"BEL","ROADACCID","ACCIDENTCASUAL","NBR","A","1996",48752,
"BEL","ROADACCID","ACCIDENTCASUAL","NBR","A","1997",50078,
"BEL","ROADACCID","ACCIDENTCASUAL","NBR","A","1998",51167,
"BEL","ROADACCID","ACCIDENTCASUAL","NBR","A","1999",51601,
"BEL","ROADACCID","ACCIDENTCASUAL","NBR","A","2000",49065,
"BEL","ROADACCID","ACCIDENTCASUAL","NBR","A","2001",47444,
"BEL","ROADACCID","ACCIDENTCASUAL","NBR","A","2002",47619,
"BEL","ROADACCID","ACCIDENTCASUAL","NBR","A","2003",50479,
"BEL","ROADACCID","ACCIDENTCASUAL","NBR","A","2004",48670,
"BEL","ROADACCID","ACCIDENTCASUAL","NBR","A","2005",48968,
"BEL","ROADACCID","ACCIDENTCASUAL","NBR","A","2006",49008,
"BEL","ROADACCID","ACCIDENTCASUAL","NBR","A","2007",49618,
"BEL","ROADACCID","ACCIDENTCASUAL","NBR","A","2008",48703,
"BEL","ROADACCID","ACCIDENTCASUAL","NBR","A","2009",47619,
"BEL","ROADACCID","ACCIDENTCASUAL","NBR","A","2010",45745,
"BEL","ROADACCID","ACCIDENTCASUAL","NBR","A","2011",47761,
"BEL","ROADACCID","ACCIDENTCASUAL","NBR","A","2012",44259,
"BEL","ROADACCID","ACCIDENTCASUAL","NBR","A","2013",41347,
"BEL","ROADACCID","ACCIDENTCASUAL","NBR","A","2014",41474,
"BEL","ROADACCID","ACCIDENTCASUAL","NBR","A","2015",40300,
"BEL","ROADACCID","ACCIDENTCASUAL","NBR","A","2016",40123,
"BEL","ROADACCID","ACCIDENTCASUAL","NBR","A","2017",38025,
"BEL","ROADACCID","ACCIDENTCASUAL","NBR","A","2018",38453,
"BEL","ROADACCID","ACCIDENTCASUAL","NBR","A","2019",37719,
"BEL","ROADACCID","ACCIDENTCASUAL","NBR","A","2020",30232,
"DNK","ROADACCID","ACCIDENTCASUAL","NBR","A","1970",19782,
"DNK","ROADACCID","ACCIDENTCASUAL","NBR","A","1971",20507,
"DNK","ROADACCID","ACCIDENTCASUAL","NBR","A","1972",19245,
"DNK","ROADACCID","ACCIDENTCASUAL","NBR","A","1973",18242,
"DNK","ROADACCID","ACCIDENTCASUAL","NBR","A","1974",14974,
"DNK","ROADACCID","ACCIDENTCASUAL","NBR","A","1975",15929,
"DNK","ROADACCID","ACCIDENTCASUAL","NBR","A","1976",15951,
"DNK","ROADACCID","ACCIDENTCASUAL","NBR","A","1977",15942,
"DNK","ROADACCID","ACCIDENTCASUAL","NBR","A","1978",15705,
"DNK","ROADACCID","ACCIDENTCASUAL","NBR","A","1979",13467,
"DNK","ROADACCID","ACCIDENTCASUAL","NBR","A","1980",12334,
"DNK","ROADACCID","ACCIDENTCASUAL","NBR","A","1981",11257,
"DNK","ROADACCID","ACCIDENTCASUAL","NBR","A","1982",11196,
"DNK","ROADACCID","ACCIDENTCASUAL","NBR","A","1983",11115,
"DNK","ROADACCID","ACCIDENTCASUAL","NBR","A","1984",11489,
"DNK","ROADACCID","ACCIDENTCASUAL","NBR","A","1985",11502,
"DNK","ROADACCID","ACCIDENTCASUAL","NBR","A","1986",11170,
"DNK","ROADACCID","ACCIDENTCASUAL","NBR","A","1987",10164,
"DNK","ROADACCID","ACCIDENTCASUAL","NBR","A","1988",9978,
"DNK","ROADACCID","ACCIDENTCASUAL","NBR","A","1989",9922,
"DNK","ROADACCID","ACCIDENTCASUAL","NBR","A","1990",9155,
"DNK","ROADACCID","ACCIDENTCASUAL","NBR","A","1991",8757,
"DNK","ROADACCID","ACCIDENTCASUAL","NBR","A","1992",8955,
"DNK","ROADACCID","ACCIDENTCASUAL","NBR","A","1993",8514,
"DNK","ROADACCID","ACCIDENTCASUAL","NBR","A","1994",8279,
"DNK","ROADACCID","ACCIDENTCASUAL","NBR","A","1995",8375,
"DNK","ROADACCID","ACCIDENTCASUAL","NBR","A","1996",8031,
"DNK","ROADACCID","ACCIDENTCASUAL","NBR","A","1997",8047,
"DNK","ROADACCID","ACCIDENTCASUAL","NBR","A","1998",7447,
"DNK","ROADACCID","ACCIDENTCASUAL","NBR","A","1999",7605,
"DNK","ROADACCID","ACCIDENTCASUAL","NBR","A","2000",7346,
"DNK","ROADACCID","ACCIDENTCASUAL","NBR","A","2001",6861,
"DNK","ROADACCID","ACCIDENTCASUAL","NBR","A","2002",7126,
"DNK","ROADACCID","ACCIDENTCASUAL","NBR","A","2003",6749,
"DNK","ROADACCID","ACCIDENTCASUAL","NBR","A","2004",6209,
"DNK","ROADACCID","ACCIDENTCASUAL","NBR","A","2005",5412,
"DNK","ROADACCID","ACCIDENTCASUAL","NBR","A","2006",5403,
"DNK","ROADACCID","ACCIDENTCASUAL","NBR","A","2007",5549,
"DNK","ROADACCID","ACCIDENTCASUAL","NBR","A","2008",5020,
"DNK","ROADACCID","ACCIDENTCASUAL","NBR","A","2009",4174,
"DNK","ROADACCID","ACCIDENTCASUAL","NBR","A","2010",3498,
"DNK","ROADACCID","ACCIDENTCASUAL","NBR","A","2011",3525,
"DNK","ROADACCID","ACCIDENTCASUAL","NBR","A","2012",3124,
"DNK","ROADACCID","ACCIDENTCASUAL","NBR","A","2013",2984,
"DNK","ROADACCID","ACCIDENTCASUAL","NBR","A","2014",2880,
"DNK","ROADACCID","ACCIDENTCASUAL","NBR","A","2015",2853,
"DNK","ROADACCID","ACCIDENTCASUAL","NBR","A","2016",2882,
"DNK","ROADACCID","ACCIDENTCASUAL","NBR","A","2017",2789,
"DNK","ROADACCID","ACCIDENTCASUAL","NBR","A","2018",2964,
"DNK","ROADACCID","ACCIDENTCASUAL","NBR","A","2019",2808,
"SWE","ROADACCID","ACCIDENTCASUAL","NBR","A","1970",16636,
"SWE","ROADACCID","ACCIDENTCASUAL","NBR","A","1971",16422,
"SWE","ROADACCID","ACCIDENTCASUAL","NBR","A","1972",16013,
"SWE","ROADACCID","ACCIDENTCASUAL","NBR","A","1973",16902,
"SWE","ROADACCID","ACCIDENTCASUAL","NBR","A","1974",16043,
"SWE","ROADACCID","ACCIDENTCASUAL","NBR","A","1975",16047,
"SWE","ROADACCID","ACCIDENTCASUAL","NBR","A","1976",17043,
"SWE","ROADACCID","ACCIDENTCASUAL","NBR","A","1977",16229,
"SWE","ROADACCID","ACCIDENTCASUAL","NBR","A","1978",16028,
"SWE","ROADACCID","ACCIDENTCASUAL","NBR","A","1979",15424,
"SWE","ROADACCID","ACCIDENTCASUAL","NBR","A","1980",15231,
"SWE","ROADACCID","ACCIDENTCASUAL","NBR","A","1981",14801,
"SWE","ROADACCID","ACCIDENTCASUAL","NBR","A","1982",15288,
"SWE","ROADACCID","ACCIDENTCASUAL","NBR","A","1983",15848,
"SWE","ROADACCID","ACCIDENTCASUAL","NBR","A","1984",16531,
"SWE","ROADACCID","ACCIDENTCASUAL","NBR","A","1985",15929,
"SWE","ROADACCID","ACCIDENTCASUAL","NBR","A","1986",16677,
"SWE","ROADACCID","ACCIDENTCASUAL","NBR","A","1987",15652,
"SWE","ROADACCID","ACCIDENTCASUAL","NBR","A","1988",17207,
"SWE","ROADACCID","ACCIDENTCASUAL","NBR","A","1989",17969,
"SWE","ROADACCID","ACCIDENTCASUAL","NBR","A","1990",16975,
"SWE","ROADACCID","ACCIDENTCASUAL","NBR","A","1991",16003,
"SWE","ROADACCID","ACCIDENTCASUAL","NBR","A","1992",15599,
"SWE","ROADACCID","ACCIDENTCASUAL","NBR","A","1993",14959,
"SWE","ROADACCID","ACCIDENTCASUAL","NBR","A","1994",15888,
"SWE","ROADACCID","ACCIDENTCASUAL","NBR","A","1995",15626,
"SWE","ROADACCID","ACCIDENTCASUAL","NBR","A","1996",15321,
"SWE","ROADACCID","ACCIDENTCASUAL","NBR","A","1997",15752,
"SWE","ROADACCID","ACCIDENTCASUAL","NBR","A","1998",15514,
"SWE","ROADACCID","ACCIDENTCASUAL","NBR","A","1999",15834,
"SWE","ROADACCID","ACCIDENTCASUAL","NBR","A","2000",15770,
"SWE","ROADACCID","ACCIDENTCASUAL","NBR","A","2001",15796,
"SWE","ROADACCID","ACCIDENTCASUAL","NBR","A","2002",16947,
"SWE","ROADACCID","ACCIDENTCASUAL","NBR","A","2003",18365,
"SWE","ROADACCID","ACCIDENTCASUAL","NBR","A","2004",18029,
"SWE","ROADACCID","ACCIDENTCASUAL","NBR","A","2005",18094,
"SWE","ROADACCID","ACCIDENTCASUAL","NBR","A","2006",18213,
"SWE","ROADACCID","ACCIDENTCASUAL","NBR","A","2007",18548,
"SWE","ROADACCID","ACCIDENTCASUAL","NBR","A","2008",18462,
"SWE","ROADACCID","ACCIDENTCASUAL","NBR","A","2009",17858,
"SWE","ROADACCID","ACCIDENTCASUAL","NBR","A","2010",16500,"B"
"SWE","ROADACCID","ACCIDENTCASUAL","NBR","A","2011",16119,
"SWE","ROADACCID","ACCIDENTCASUAL","NBR","A","2012",16458,
"SWE","ROADACCID","ACCIDENTCASUAL","NBR","A","2013",14815,
"SWE","ROADACCID","ACCIDENTCASUAL","NBR","A","2014",12926,
"SWE","ROADACCID","ACCIDENTCASUAL","NBR","A","2015",14672,
"SWE","ROADACCID","ACCIDENTCASUAL","NBR","A","2016",14051,
"SWE","ROADACCID","ACCIDENTCASUAL","NBR","A","2017",14849,
"SWE","ROADACCID","ACCIDENTCASUAL","NBR","A","2018",14233,
"SWE","ROADACCID","ACCIDENTCASUAL","NBR","A","2019",13684,
"SWE","ROADACCID","ACCIDENTCASUAL","NBR","A","2020",12243,
"LVA","ROADACCID","ACCIDENTCASUAL","NBR","A","1970",4669,
"LVA","ROADACCID","ACCIDENTCASUAL","NBR","A","1971",4376,
"LVA","ROADACCID","ACCIDENTCASUAL","NBR","A","1972",4061,
"LVA","ROADACCID","ACCIDENTCASUAL","NBR","A","1973",3965,
"LVA","ROADACCID","ACCIDENTCASUAL","NBR","A","1974",4260,
"LVA","ROADACCID","ACCIDENTCASUAL","NBR","A","1975",4770,
"LVA","ROADACCID","ACCIDENTCASUAL","NBR","A","1976",4794,
"LVA","ROADACCID","ACCIDENTCASUAL","NBR","A","1977",4790,
"LVA","ROADACCID","ACCIDENTCASUAL","NBR","A","1978",4683,
"LVA","ROADACCID","ACCIDENTCASUAL","NBR","A","1979",4601,
"LVA","ROADACCID","ACCIDENTCASUAL","NBR","A","1980",4717,
"LVA","ROADACCID","ACCIDENTCASUAL","NBR","A","1981",4418,
"LVA","ROADACCID","ACCIDENTCASUAL","NBR","A","1982",4367,
"LVA","ROADACCID","ACCIDENTCASUAL","NBR","A","1983",4791,
"LVA","ROADACCID","ACCIDENTCASUAL","NBR","A","1984",4638,
"LVA","ROADACCID","ACCIDENTCASUAL","NBR","A","1985",3767,
"LVA","ROADACCID","ACCIDENTCASUAL","NBR","A","1986",3740,
"LVA","ROADACCID","ACCIDENTCASUAL","NBR","A","1987",3655,
"LVA","ROADACCID","ACCIDENTCASUAL","NBR","A","1988",4036,
"LVA","ROADACCID","ACCIDENTCASUAL","NBR","A","1989",4600,
"LVA","ROADACCID","ACCIDENTCASUAL","NBR","A","1990",4325,
"LVA","ROADACCID","ACCIDENTCASUAL","NBR","A","1991",4271,
"LVA","ROADACCID","ACCIDENTCASUAL","NBR","A","1992",3474,
"LVA","ROADACCID","ACCIDENTCASUAL","NBR","A","1993",3389,
"LVA","ROADACCID","ACCIDENTCASUAL","NBR","A","1994",3814,
"LVA","ROADACCID","ACCIDENTCASUAL","NBR","A","1995",4056,
"LVA","ROADACCID","ACCIDENTCASUAL","NBR","A","1996",3711,
"LVA","ROADACCID","ACCIDENTCASUAL","NBR","A","1997",3925,
"LVA","ROADACCID","ACCIDENTCASUAL","NBR","A","1998",4540,
"LVA","ROADACCID","ACCIDENTCASUAL","NBR","A","1999",4442,
"LVA","ROADACCID","ACCIDENTCASUAL","NBR","A","2000",4482,
"LVA","ROADACCID","ACCIDENTCASUAL","NBR","A","2001",4766,
"LVA","ROADACCID","ACCIDENTCASUAL","NBR","A","2002",5083,
"LVA","ROADACCID","ACCIDENTCASUAL","NBR","A","2003",5379,
"LVA","ROADACCID","ACCIDENTCASUAL","NBR","A","2004",5081,
"LVA","ROADACCID","ACCIDENTCASUAL","NBR","A","2005",4466,
"LVA","ROADACCID","ACCIDENTCASUAL","NBR","A","2006",4302,
"LVA","ROADACCID","ACCIDENTCASUAL","NBR","A","2007",4781,
"LVA","ROADACCID","ACCIDENTCASUAL","NBR","A","2008",4196,
"LVA","ROADACCID","ACCIDENTCASUAL","NBR","A","2009",3160,
"LVA","ROADACCID","ACCIDENTCASUAL","NBR","A","2010",3193,
"LVA","ROADACCID","ACCIDENTCASUAL","NBR","A","2011",3386,
"LVA","ROADACCID","ACCIDENTCASUAL","NBR","A","2012",3358,
"LVA","ROADACCID","ACCIDENTCASUAL","NBR","A","2013",3489,
"LVA","ROADACCID","ACCIDENTCASUAL","NBR","A","2014",3728,
"LVA","ROADACCID","ACCIDENTCASUAL","NBR","A","2015",3692,
"LVA","ROADACCID","ACCIDENTCASUAL","NBR","A","2016",3792,
"LVA","ROADACCID","ACCIDENTCASUAL","NBR","A","2017",3874,
"LVA","ROADACCID","ACCIDENTCASUAL","NBR","A","2018",3973,
"LVA","ROADACCID","ACCIDENTCASUAL","NBR","A","2019",3724,
"LVA","ROADACCID","ACCIDENTCASUAL","NBR","A","2020",3414,
"IRL","ROADACCID","ACCIDENTCASUAL","NBR","A","1970",6405,
"IRL","ROADACCID","ACCIDENTCASUAL","NBR","A","1971",6486,
"IRL","ROADACCID","ACCIDENTCASUAL","NBR","A","1972",6223,
"IRL","ROADACCID","ACCIDENTCASUAL","NBR","A","1973",6020,
"IRL","ROADACCID","ACCIDENTCASUAL","NBR","A","1974",5632,
"IRL","ROADACCID","ACCIDENTCASUAL","NBR","A","1975",4914,
"IRL","ROADACCID","ACCIDENTCASUAL","NBR","A","1976",5117,
"IRL","ROADACCID","ACCIDENTCASUAL","NBR","A","1977",5617,
"IRL","ROADACCID","ACCIDENTCASUAL","NBR","A","1978",6143,
"IRL","ROADACCID","ACCIDENTCASUAL","NBR","A","1979",5694,
"IRL","ROADACCID","ACCIDENTCASUAL","NBR","A","1980",5683,
"IRL","ROADACCID","ACCIDENTCASUAL","NBR","A","1981",5591,
"IRL","ROADACCID","ACCIDENTCASUAL","NBR","A","1982",5482,
"IRL","ROADACCID","ACCIDENTCASUAL","NBR","A","1983",5594,
"IRL","ROADACCID","ACCIDENTCASUAL","NBR","A","1984",5737,
"IRL","ROADACCID","ACCIDENTCASUAL","NBR","A","1985",5518,
"IRL","ROADACCID","ACCIDENTCASUAL","NBR","A","1986",5776,
"IRL","ROADACCID","ACCIDENTCASUAL","NBR","A","1987",5752,
"IRL","ROADACCID","ACCIDENTCASUAL","NBR","A","1988",5577,
"IRL","ROADACCID","ACCIDENTCASUAL","NBR","A","1989",5831,
"IRL","ROADACCID","ACCIDENTCASUAL","NBR","A","1990",6067,
"IRL","ROADACCID","ACCIDENTCASUAL","NBR","A","1991",6494,
"IRL","ROADACCID","ACCIDENTCASUAL","NBR","A","1992",6677,
"IRL","ROADACCID","ACCIDENTCASUAL","NBR","A","1993",6376,
"IRL","ROADACCID","ACCIDENTCASUAL","NBR","A","1994",6610,
"IRL","ROADACCID","ACCIDENTCASUAL","NBR","A","1995",8117,
"IRL","ROADACCID","ACCIDENTCASUAL","NBR","A","1996",8686,
"IRL","ROADACCID","ACCIDENTCASUAL","NBR","A","1997",8496,
"IRL","ROADACCID","ACCIDENTCASUAL","NBR","A","1998",8239,
"IRL","ROADACCID","ACCIDENTCASUAL","NBR","A","1999",7807,
"IRL","ROADACCID","ACCIDENTCASUAL","NBR","A","2000",7757,
"IRL","ROADACCID","ACCIDENTCASUAL","NBR","A","2001",6909,
"IRL","ROADACCID","ACCIDENTCASUAL","NBR","A","2002",6625,
"IRL","ROADACCID","ACCIDENTCASUAL","NBR","A","2003",5985,
"IRL","ROADACCID","ACCIDENTCASUAL","NBR","A","2004",5781,
"IRL","ROADACCID","ACCIDENTCASUAL","NBR","A","2005",6533,
"IRL","ROADACCID","ACCIDENTCASUAL","NBR","A","2006",6018,
"IRL","ROADACCID","ACCIDENTCASUAL","NBR","A","2007",5158,
"IRL","ROADACCID","ACCIDENTCASUAL","NBR","A","2008",5580,
"IRL","ROADACCID","ACCIDENTCASUAL","NBR","A","2009",6615,
"IRL","ROADACCID","ACCIDENTCASUAL","NBR","A","2010",5780,
"IRL","ROADACCID","ACCIDENTCASUAL","NBR","A","2011",5230,
"IRL","ROADACCID","ACCIDENTCASUAL","NBR","A","2012",5610,
"IRL","ROADACCID","ACCIDENTCASUAL","NBR","A","2013",4976,
"IRL","ROADACCID","ACCIDENTCASUAL","NBR","A","2014",5796,
"IRL","ROADACCID","ACCIDENTCASUAL","NBR","A","2015",5831,
"IRL","ROADACCID","ACCIDENTCASUAL","NBR","A","2016",5877,
"IRL","ROADACCID","ACCIDENTCASUAL","NBR","A","2017",6019,
"IRL","ROADACCID","ACCIDENTCASUAL","NBR","A","2018",6119,
"IRL","ROADACCID","ACCIDENTCASUAL","NBR","A","2019",5862,
"DEU","ROADACCID","ACCIDENTCASUAL","NBR","A","1970",377610,
"DEU","ROADACCID","ACCIDENTCASUAL","NBR","A","1971",369177,
"DEU","ROADACCID","ACCIDENTCASUAL","NBR","A","1972",378775,
"DEU","ROADACCID","ACCIDENTCASUAL","NBR","A","1973",353725,
"DEU","ROADACCID","ACCIDENTCASUAL","NBR","A","1974",331000,
"DEU","ROADACCID","ACCIDENTCASUAL","NBR","A","1975",337732,
"DEU","ROADACCID","ACCIDENTCASUAL","NBR","A","1976",359694,
"DEU","ROADACCID","ACCIDENTCASUAL","NBR","A","1977",379046,
"DEU","ROADACCID","ACCIDENTCASUAL","NBR","A","1978",380352,
"DEU","ROADACCID","ACCIDENTCASUAL","NBR","A","1979",367500,
"DEU","ROADACCID","ACCIDENTCASUAL","NBR","A","1980",379235,
"DEU","ROADACCID","ACCIDENTCASUAL","NBR","A","1981",362617,
"DEU","ROADACCID","ACCIDENTCASUAL","NBR","A","1982",358693,
"DEU","ROADACCID","ACCIDENTCASUAL","NBR","A","1983",374107,
"DEU","ROADACCID","ACCIDENTCASUAL","NBR","A","1984",359485,
"DEU","ROADACCID","ACCIDENTCASUAL","NBR","A","1985",327745,
"DEU","ROADACCID","ACCIDENTCASUAL","NBR","A","1986",341921,
"DEU","ROADACCID","ACCIDENTCASUAL","NBR","A","1987",325519,
"DEU","ROADACCID","ACCIDENTCASUAL","NBR","A","1988",342299,
"DEU","ROADACCID","ACCIDENTCASUAL","NBR","A","1989",343604,
"DEU","ROADACCID","ACCIDENTCASUAL","NBR","A","1990",340043,
"DEU","ROADACCID","ACCIDENTCASUAL","NBR","A","1991",385147,"B"
"DEU","ROADACCID","ACCIDENTCASUAL","NBR","A","1992",395462,
"DEU","ROADACCID","ACCIDENTCASUAL","NBR","A","1993",385384,
"DEU","ROADACCID","ACCIDENTCASUAL","NBR","A","1994",392754,
"DEU","ROADACCID","ACCIDENTCASUAL","NBR","A","1995",388003,
"DEU","ROADACCID","ACCIDENTCASUAL","NBR","A","1996",373082,
"DEU","ROADACCID","ACCIDENTCASUAL","NBR","A","1997",380835,
"DEU","ROADACCID","ACCIDENTCASUAL","NBR","A","1998",377257,
"DEU","ROADACCID","ACCIDENTCASUAL","NBR","A","1999",395689,
"DEU","ROADACCID","ACCIDENTCASUAL","NBR","A","2000",382949,
"DEU","ROADACCID","ACCIDENTCASUAL","NBR","A","2001",375345,
"DEU","ROADACCID","ACCIDENTCASUAL","NBR","A","2002",362054,
"DEU","ROADACCID","ACCIDENTCASUAL","NBR","A","2003",354534,
"DEU","ROADACCID","ACCIDENTCASUAL","NBR","A","2004",339310,
"DEU","ROADACCID","ACCIDENTCASUAL","NBR","A","2005",336619,
"DEU","ROADACCID","ACCIDENTCASUAL","NBR","A","2006",327984,
"DEU","ROADACCID","ACCIDENTCASUAL","NBR","A","2007",335845,
"DEU","ROADACCID","ACCIDENTCASUAL","NBR","A","2008",320614,
"DEU","ROADACCID","ACCIDENTCASUAL","NBR","A","2009",310806,
"DEU","ROADACCID","ACCIDENTCASUAL","NBR","A","2010",288297,
"DEU","ROADACCID","ACCIDENTCASUAL","NBR","A","2011",306266,
"DEU","ROADACCID","ACCIDENTCASUAL","NBR","A","2012",299637,
"DEU","ROADACCID","ACCIDENTCASUAL","NBR","A","2013",291105,
"DEU","ROADACCID","ACCIDENTCASUAL","NBR","A","2014",302435,
"DEU","ROADACCID","ACCIDENTCASUAL","NBR","A","2015",305659,
"DEU","ROADACCID","ACCIDENTCASUAL","NBR","A","2016",308145,
"DEU","ROADACCID","ACCIDENTCASUAL","NBR","A","2017",302656,
"DEU","ROADACCID","ACCIDENTCASUAL","NBR","A","2018",308721,
"DEU","ROADACCID","ACCIDENTCASUAL","NBR","A","2019",300143,
"DEU","ROADACCID","ACCIDENTCASUAL","NBR","A","2020",264499,
"AUT","ROADACCID","ACCIDENTCASUAL","NBR","A","1970",51631,
"AUT","ROADACCID","ACCIDENTCASUAL","NBR","A","1971",52763,
"AUT","ROADACCID","ACCIDENTCASUAL","NBR","A","1972",52696,
"AUT","ROADACCID","ACCIDENTCASUAL","NBR","A","1973",49716,
"AUT","ROADACCID","ACCIDENTCASUAL","NBR","A","1974",48853,
"AUT","ROADACCID","ACCIDENTCASUAL","NBR","A","1975",49132,
"AUT","ROADACCID","ACCIDENTCASUAL","NBR","A","1976",45016,
"AUT","ROADACCID","ACCIDENTCASUAL","NBR","A","1977",46183,
"AUT","ROADACCID","ACCIDENTCASUAL","NBR","A","1978",43592,
"AUT","ROADACCID","ACCIDENTCASUAL","NBR","A","1979",45425,
"AUT","ROADACCID","ACCIDENTCASUAL","NBR","A","1980",46214,
"AUT","ROADACCID","ACCIDENTCASUAL","NBR","A","1981",46690,
"AUT","ROADACCID","ACCIDENTCASUAL","NBR","A","1982",47067,
"AUT","ROADACCID","ACCIDENTCASUAL","NBR","A","1983",48825,
"AUT","ROADACCID","ACCIDENTCASUAL","NBR","A","1984",48146,
"AUT","ROADACCID","ACCIDENTCASUAL","NBR","A","1985",46275,
"AUT","ROADACCID","ACCIDENTCASUAL","NBR","A","1986",45015,
"AUT","ROADACCID","ACCIDENTCASUAL","NBR","A","1987",43947,
"AUT","ROADACCID","ACCIDENTCASUAL","NBR","A","1988",44243,
"AUT","ROADACCID","ACCIDENTCASUAL","NBR","A","1989",46565,
"AUT","ROADACCID","ACCIDENTCASUAL","NBR","A","1990",46338,
"AUT","ROADACCID","ACCIDENTCASUAL","NBR","A","1991",46013,
"AUT","ROADACCID","ACCIDENTCASUAL","NBR","A","1992",44730,
"AUT","ROADACCID","ACCIDENTCASUAL","NBR","A","1993",41791,
"AUT","ROADACCID","ACCIDENTCASUAL","NBR","A","1994",42015,
"AUT","ROADACCID","ACCIDENTCASUAL","NBR","A","1995",38956,
"AUT","ROADACCID","ACCIDENTCASUAL","NBR","A","1996",38253,
"AUT","ROADACCID","ACCIDENTCASUAL","NBR","A","1997",39695,
"AUT","ROADACCID","ACCIDENTCASUAL","NBR","A","1998",39225,
"AUT","ROADACCID","ACCIDENTCASUAL","NBR","A","1999",42348,
"AUT","ROADACCID","ACCIDENTCASUAL","NBR","A","2000",42126,
"AUT","ROADACCID","ACCIDENTCASUAL","NBR","A","2001",43073,
"AUT","ROADACCID","ACCIDENTCASUAL","NBR","A","2002",43175,
"AUT","ROADACCID","ACCIDENTCASUAL","NBR","A","2003",43426,
"AUT","ROADACCID","ACCIDENTCASUAL","NBR","A","2004",42657,
"AUT","ROADACCID","ACCIDENTCASUAL","NBR","A","2005",40896,
"AUT","ROADACCID","ACCIDENTCASUAL","NBR","A","2006",39884,
"AUT","ROADACCID","ACCIDENTCASUAL","NBR","A","2007",41096,
"AUT","ROADACCID","ACCIDENTCASUAL","NBR","A","2008",39173,
"AUT","ROADACCID","ACCIDENTCASUAL","NBR","A","2009",37925,
"AUT","ROADACCID","ACCIDENTCASUAL","NBR","A","2010",35348,
"AUT","ROADACCID","ACCIDENTCASUAL","NBR","A","2011",35129,
"AUT","ROADACCID","ACCIDENTCASUAL","NBR","A","2012",40831,"B"
"AUT","ROADACCID","ACCIDENTCASUAL","NBR","A","2013",38502,
"AUT","ROADACCID","ACCIDENTCASUAL","NBR","A","2014",37957,
"AUT","ROADACCID","ACCIDENTCASUAL","NBR","A","2015",37960,
"AUT","ROADACCID","ACCIDENTCASUAL","NBR","A","2016",38466,
"AUT","ROADACCID","ACCIDENTCASUAL","NBR","A","2017",37402,
"AUT","ROADACCID","ACCIDENTCASUAL","NBR","A","2018",36846,
"AUT","ROADACCID","ACCIDENTCASUAL","NBR","A","2019",35736,
"AUT","ROADACCID","ACCIDENTCASUAL","NBR","A","2020",30670,
"CZE","ROADACCID","ACCIDENTCASUAL","NBR","A","1993",25147,
"CZE","ROADACCID","ACCIDENTCASUAL","NBR","A","1994",27590,
"CZE","ROADACCID","ACCIDENTCASUAL","NBR","A","1995",28746,
"CZE","ROADACCID","ACCIDENTCASUAL","NBR","A","1996",29340,
"CZE","ROADACCID","ACCIDENTCASUAL","NBR","A","1997",28376,
"CZE","ROADACCID","ACCIDENTCASUAL","NBR","A","1998",27207,
"CZE","ROADACCID","ACCIDENTCASUAL","NBR","A","1999",26918,
"CZE","ROADACCID","ACCIDENTCASUAL","NBR","A","2000",25445,
"CZE","ROADACCID","ACCIDENTCASUAL","NBR","A","2001",26027,
"CZE","ROADACCID","ACCIDENTCASUAL","NBR","A","2002",26586,
"CZE","ROADACCID","ACCIDENTCASUAL","NBR","A","2003",27320,
"CZE","ROADACCID","ACCIDENTCASUAL","NBR","A","2004",26516,
"CZE","ROADACCID","ACCIDENTCASUAL","NBR","A","2005",25239,
"CZE","ROADACCID","ACCIDENTCASUAL","NBR","A","2006",22115,
"CZE","ROADACCID","ACCIDENTCASUAL","NBR","A","2007",23060,
"CZE","ROADACCID","ACCIDENTCASUAL","NBR","A","2008",22481,
"CZE","ROADACCID","ACCIDENTCASUAL","NBR","A","2009",21706,
"CZE","ROADACCID","ACCIDENTCASUAL","NBR","A","2010",19676,
"CZE","ROADACCID","ACCIDENTCASUAL","NBR","A","2011",20487,
"CZE","ROADACCID","ACCIDENTCASUAL","NBR","A","2012",20504,
"CZE","ROADACCID","ACCIDENTCASUAL","NBR","A","2013",20342,
"CZE","ROADACCID","ACCIDENTCASUAL","NBR","A","2014",21054,
"CZE","ROADACCID","ACCIDENTCASUAL","NBR","A","2015",21561,
"CZE","ROADACCID","ACCIDENTCASUAL","NBR","A","2016",21386,
"CZE","ROADACCID","ACCIDENTCASUAL","NBR","A","2017",21263,
"CZE","ROADACCID","ACCIDENTCASUAL","NBR","A","2018",21889,
"CZE","ROADACCID","ACCIDENTCASUAL","NBR","A","2019",20806,
"CZE","ROADACCID","ACCIDENTCASUAL","NBR","A","2020",18419,
"SVK","ROADACCID","ACCIDENTCASUAL","NBR","A","1993",8492,
"SVK","ROADACCID","ACCIDENTCASUAL","NBR","A","1994",8461,
"SVK","ROADACCID","ACCIDENTCASUAL","NBR","A","1995",8713,
"SVK","ROADACCID","ACCIDENTCASUAL","NBR","A","1996",8824,
"SVK","ROADACCID","ACCIDENTCASUAL","NBR","A","1997",9489,
"SVK","ROADACCID","ACCIDENTCASUAL","NBR","A","1998",9704,
"SVK","ROADACCID","ACCIDENTCASUAL","NBR","A","1999",8578,
"SVK","ROADACCID","ACCIDENTCASUAL","NBR","A","2000",7884,
"SVK","ROADACCID","ACCIDENTCASUAL","NBR","A","2001",8181,
"SVK","ROADACCID","ACCIDENTCASUAL","NBR","A","2002",7866,
"SVK","ROADACCID","ACCIDENTCASUAL","NBR","A","2003",8551,
"SVK","ROADACCID","ACCIDENTCASUAL","NBR","A","2004",8443,
"SVK","ROADACCID","ACCIDENTCASUAL","NBR","A","2005",7903,
"SVK","ROADACCID","ACCIDENTCASUAL","NBR","A","2006",7988,
"SVK","ROADACCID","ACCIDENTCASUAL","NBR","A","2007",8500,
"SVK","ROADACCID","ACCIDENTCASUAL","NBR","A","2008",8343,
"SVK","ROADACCID","ACCIDENTCASUAL","NBR","A","2009",6465,
"SVK","ROADACCID","ACCIDENTCASUAL","NBR","A","2010",6570,
"SVK","ROADACCID","ACCIDENTCASUAL","NBR","A","2011",5775,
"SVK","ROADACCID","ACCIDENTCASUAL","NBR","A","2012",5370,
"SVK","ROADACCID","ACCIDENTCASUAL","NBR","A","2013",5113,
"SVK","ROADACCID","ACCIDENTCASUAL","NBR","A","2014",5391,
"SVK","ROADACCID","ACCIDENTCASUAL","NBR","A","2015",5502,
"SVK","ROADACCID","ACCIDENTCASUAL","NBR","A","2016",5602,
"SVK","ROADACCID","ACCIDENTCASUAL","NBR","A","2017",5638,
"SVK","ROADACCID","ACCIDENTCASUAL","NBR","A","2018",5689,
"SVK","ROADACCID","ACCIDENTCASUAL","NBR","A","2019",5410,
"SVK","ROADACCID","ACCIDENTCASUAL","NBR","A","2020",4555,
"SVN","ROADACCID","ACCIDENTCASUAL","NBR","A","1970",8300,
"SVN","ROADACCID","ACCIDENTCASUAL","NBR","A","1971",8672,
"SVN","ROADACCID","ACCIDENTCASUAL","NBR","A","1972",8413,
"SVN","ROADACCID","ACCIDENTCASUAL","NBR","A","1973",8500,
"SVN","ROADACCID","ACCIDENTCASUAL","NBR","A","1974",7936,
"SVN","ROADACCID","ACCIDENTCASUAL","NBR","A","1975",8192,
"SVN","ROADACCID","ACCIDENTCASUAL","NBR","A","1976",8001,
"SVN","ROADACCID","ACCIDENTCASUAL","NBR","A","1977",8911,
"SVN","ROADACCID","ACCIDENTCASUAL","NBR","A","1978",7950,
"SVN","ROADACCID","ACCIDENTCASUAL","NBR","A","1979",7537,
"SVN","ROADACCID","ACCIDENTCASUAL","NBR","A","1980",6941,
"SVN","ROADACCID","ACCIDENTCASUAL","NBR","A","1981",6499,
"SVN","ROADACCID","ACCIDENTCASUAL","NBR","A","1982",6866,
"SVN","ROADACCID","ACCIDENTCASUAL","NBR","A","1983",6070,
"SVN","ROADACCID","ACCIDENTCASUAL","NBR","A","1984",5546,
"SVN","ROADACCID","ACCIDENTCASUAL","NBR","A","1985",5481,
"SVN","ROADACCID","ACCIDENTCASUAL","NBR","A","1986",5942,
"SVN","ROADACCID","ACCIDENTCASUAL","NBR","A","1987",6364,
"SVN","ROADACCID","ACCIDENTCASUAL","NBR","A","1988",6085,
"SVN","ROADACCID","ACCIDENTCASUAL","NBR","A","1989",5825,
"SVN","ROADACCID","ACCIDENTCASUAL","NBR","A","1990",5177,
"SVN","ROADACCID","ACCIDENTCASUAL","NBR","A","1991",5479,
"SVN","ROADACCID","ACCIDENTCASUAL","NBR","A","1992",5882,
"SVN","ROADACCID","ACCIDENTCASUAL","NBR","A","1993",6290,
"SVN","ROADACCID","ACCIDENTCASUAL","NBR","A","1994",6586,
"SVN","ROADACCID","ACCIDENTCASUAL","NBR","A","1995",6540,
"SVN","ROADACCID","ACCIDENTCASUAL","NBR","A","1996",6348,
"SVN","ROADACCID","ACCIDENTCASUAL","NBR","A","1997",6968,
"SVN","ROADACCID","ACCIDENTCASUAL","NBR","A","1998",5837,
"SVN","ROADACCID","ACCIDENTCASUAL","NBR","A","1999",6929,
"SVN","ROADACCID","ACCIDENTCASUAL","NBR","A","2000",8469,
"SVN","ROADACCID","ACCIDENTCASUAL","NBR","A","2001",9199,
"SVN","ROADACCID","ACCIDENTCASUAL","NBR","A","2002",10199,
"SVN","ROADACCID","ACCIDENTCASUAL","NBR","A","2003",11676,
"SVN","ROADACCID","ACCIDENTCASUAL","NBR","A","2004",12721,
"SVN","ROADACCID","ACCIDENTCASUAL","NBR","A","2005",10309,
"SVN","ROADACCID","ACCIDENTCASUAL","NBR","A","2006",11223,
"SVN","ROADACCID","ACCIDENTCASUAL","NBR","A","2007",11414,
"SVN","ROADACCID","ACCIDENTCASUAL","NBR","A","2008",8938,
"SVN","ROADACCID","ACCIDENTCASUAL","NBR","A","2009",8589,
"SVN","ROADACCID","ACCIDENTCASUAL","NBR","A","2010",7560,
"SVN","ROADACCID","ACCIDENTCASUAL","NBR","A","2011",7218,
"SVN","ROADACCID","ACCIDENTCASUAL","NBR","A","2012",6864,
"SVN","ROADACCID","ACCIDENTCASUAL","NBR","A","2013",6542,
"SVN","ROADACCID","ACCIDENTCASUAL","NBR","A","2014",6264,
"SVN","ROADACCID","ACCIDENTCASUAL","NBR","A","2015",6585,
"SVN","ROADACCID","ACCIDENTCASUAL","NBR","A","2016",6495,
"SVN","ROADACCID","ACCIDENTCASUAL","NBR","A","2017",6185,
"SVN","ROADACCID","ACCIDENTCASUAL","NBR","A","2018",6014,
"SVN","ROADACCID","ACCIDENTCASUAL","NBR","A","2019",6025,
"SVN","ROADACCID","ACCIDENTCASUAL","NBR","A","2020",4780,
"HUN","ROADACCID","ACCIDENTCASUAL","NBR","A","1970",23225,
"HUN","ROADACCID","ACCIDENTCASUAL","NBR","A","1971",22949,
"HUN","ROADACCID","ACCIDENTCASUAL","NBR","A","1972",20244,
"HUN","ROADACCID","ACCIDENTCASUAL","NBR","A","1973",19418,
"HUN","ROADACCID","ACCIDENTCASUAL","NBR","A","1974",20217,
"HUN","ROADACCID","ACCIDENTCASUAL","NBR","A","1975",19764,
"HUN","ROADACCID","ACCIDENTCASUAL","NBR","A","1976",18584,
"HUN","ROADACCID","ACCIDENTCASUAL","NBR","A","1977",20121,
"HUN","ROADACCID","ACCIDENTCASUAL","NBR","A","1978",19945,
"HUN","ROADACCID","ACCIDENTCASUAL","NBR","A","1979",20465,
"HUN","ROADACCID","ACCIDENTCASUAL","NBR","A","1980",18994,
"HUN","ROADACCID","ACCIDENTCASUAL","NBR","A","1981",18308,
"HUN","ROADACCID","ACCIDENTCASUAL","NBR","A","1982",18221,
"HUN","ROADACCID","ACCIDENTCASUAL","NBR","A","1983",18971,
"HUN","ROADACCID","ACCIDENTCASUAL","NBR","A","1984",19298,
"HUN","ROADACCID","ACCIDENTCASUAL","NBR","A","1985",19563,
"HUN","ROADACCID","ACCIDENTCASUAL","NBR","A","1986",19332,
"HUN","ROADACCID","ACCIDENTCASUAL","NBR","A","1987",19842,
"HUN","ROADACCID","ACCIDENTCASUAL","NBR","A","1988",21315,
"HUN","ROADACCID","ACCIDENTCASUAL","NBR","A","1989",24367,
"HUN","ROADACCID","ACCIDENTCASUAL","NBR","A","1990",27801,
"HUN","ROADACCID","ACCIDENTCASUAL","NBR","A","1991",24589,
"HUN","ROADACCID","ACCIDENTCASUAL","NBR","A","1992",24623,
"HUN","ROADACCID","ACCIDENTCASUAL","NBR","A","1993",19527,
"HUN","ROADACCID","ACCIDENTCASUAL","NBR","A","1994",20722,
"HUN","ROADACCID","ACCIDENTCASUAL","NBR","A","1995",19817,
"HUN","ROADACCID","ACCIDENTCASUAL","NBR","A","1996",18393,
"HUN","ROADACCID","ACCIDENTCASUAL","NBR","A","1997",19097,
"HUN","ROADACCID","ACCIDENTCASUAL","NBR","A","1998",20147,
"HUN","ROADACCID","ACCIDENTCASUAL","NBR","A","1999",18923,
"HUN","ROADACCID","ACCIDENTCASUAL","NBR","A","2000",17493,
"HUN","ROADACCID","ACCIDENTCASUAL","NBR","A","2001",18505,
"HUN","ROADACCID","ACCIDENTCASUAL","NBR","A","2002",19686,
"HUN","ROADACCID","ACCIDENTCASUAL","NBR","A","2003",19976,
"HUN","ROADACCID","ACCIDENTCASUAL","NBR","A","2004",20957,
"HUN","ROADACCID","ACCIDENTCASUAL","NBR","A","2005",20777,
"HUN","ROADACCID","ACCIDENTCASUAL","NBR","A","2006",20977,
"HUN","ROADACCID","ACCIDENTCASUAL","NBR","A","2007",20635,
"HUN","ROADACCID","ACCIDENTCASUAL","NBR","A","2008",19174,
"HUN","ROADACCID","ACCIDENTCASUAL","NBR","A","2009",17864,
"HUN","ROADACCID","ACCIDENTCASUAL","NBR","A","2010",16308,
"HUN","ROADACCID","ACCIDENTCASUAL","NBR","A","2011",15827,
"HUN","ROADACCID","ACCIDENTCASUAL","NBR","A","2012",15174,
"HUN","ROADACCID","ACCIDENTCASUAL","NBR","A","2013",15691,
"HUN","ROADACCID","ACCIDENTCASUAL","NBR","A","2014",15847,
"HUN","ROADACCID","ACCIDENTCASUAL","NBR","A","2015",16331,
"HUN","ROADACCID","ACCIDENTCASUAL","NBR","A","2016",16627,
"HUN","ROADACCID","ACCIDENTCASUAL","NBR","A","2017",16489,
"HUN","ROADACCID","ACCIDENTCASUAL","NBR","A","2018",16951,
"HUN","ROADACCID","ACCIDENTCASUAL","NBR","A","2019",16627,
"HUN","ROADACCID","ACCIDENTCASUAL","NBR","A","2020",13778,
"EST","ROADACCID","ACCIDENTCASUAL","NBR","A","1970",2226,
"EST","ROADACCID","ACCIDENTCASUAL","NBR","A","1971",1940,
"EST","ROADACCID","ACCIDENTCASUAL","NBR","A","1972",1924,
"EST","ROADACCID","ACCIDENTCASUAL","NBR","A","1973",1676,
"EST","ROADACCID","ACCIDENTCASUAL","NBR","A","1974",1736,
"EST","ROADACCID","ACCIDENTCASUAL","NBR","A","1975",1803,
"EST","ROADACCID","ACCIDENTCASUAL","NBR","A","1976",1658,
"EST","ROADACCID","ACCIDENTCASUAL","NBR","A","1977",1697,
"EST","ROADACCID","ACCIDENTCASUAL","NBR","A","1978",1521,
"EST","ROADACCID","ACCIDENTCASUAL","NBR","A","1979",1595,
"EST","ROADACCID","ACCIDENTCASUAL","NBR","A","1980",1655,
"EST","ROADACCID","ACCIDENTCASUAL","NBR","A","1981",1639,
"EST","ROADACCID","ACCIDENTCASUAL","NBR","A","1982",1564,
"EST","ROADACCID","ACCIDENTCASUAL","NBR","A","1983",1559,
"EST","ROADACCID","ACCIDENTCASUAL","NBR","A","1984",1584,
"EST","ROADACCID","ACCIDENTCASUAL","NBR","A","1985",1355,
"EST","ROADACCID","ACCIDENTCASUAL","NBR","A","1986",1551,
"EST","ROADACCID","ACCIDENTCASUAL","NBR","A","1987",1590,
"EST","ROADACCID","ACCIDENTCASUAL","NBR","A","1988",1680,
"EST","ROADACCID","ACCIDENTCASUAL","NBR","A","1989",1956,
"EST","ROADACCID","ACCIDENTCASUAL","NBR","A","1990",2099,
"EST","ROADACCID","ACCIDENTCASUAL","NBR","A","1991",1965,
"EST","ROADACCID","ACCIDENTCASUAL","NBR","A","1992",1167,
"EST","ROADACCID","ACCIDENTCASUAL","NBR","A","1993",1317,
"EST","ROADACCID","ACCIDENTCASUAL","NBR","A","1994",1585,
"EST","ROADACCID","ACCIDENTCASUAL","NBR","A","1995",1644,
"EST","ROADACCID","ACCIDENTCASUAL","NBR","A","1996",1318,
"EST","ROADACCID","ACCIDENTCASUAL","NBR","A","1997",1490,
"EST","ROADACCID","ACCIDENTCASUAL","NBR","A","1998",1613,
"EST","ROADACCID","ACCIDENTCASUAL","NBR","A","1999",1472,
"EST","ROADACCID","ACCIDENTCASUAL","NBR","A","2000",1504,
"EST","ROADACCID","ACCIDENTCASUAL","NBR","A","2001",1888,
"EST","ROADACCID","ACCIDENTCASUAL","NBR","A","2002",2164,
"EST","ROADACCID","ACCIDENTCASUAL","NBR","A","2003",1931,
"EST","ROADACCID","ACCIDENTCASUAL","NBR","A","2004",2244,
"EST","ROADACCID","ACCIDENTCASUAL","NBR","A","2005",2341,
"EST","ROADACCID","ACCIDENTCASUAL","NBR","A","2006",2585,
"EST","ROADACCID","ACCIDENTCASUAL","NBR","A","2007",2450,
"EST","ROADACCID","ACCIDENTCASUAL","NBR","A","2008",1869,
"EST","ROADACCID","ACCIDENTCASUAL","NBR","A","2009",1505,
"EST","ROADACCID","ACCIDENTCASUAL","NBR","A","2010",1347,
"EST","ROADACCID","ACCIDENTCASUAL","NBR","A","2011",1492,
"EST","ROADACCID","ACCIDENTCASUAL","NBR","A","2012",1383,
"EST","ROADACCID","ACCIDENTCASUAL","NBR","A","2013",1364,
"EST","ROADACCID","ACCIDENTCASUAL","NBR","A","2014",1413,
"EST","ROADACCID","ACCIDENTCASUAL","NBR","A","2015",1376,
"EST","ROADACCID","ACCIDENTCASUAL","NBR","A","2016",1468,
"EST","ROADACCID","ACCIDENTCASUAL","NBR","A","2017",1406,
"EST","ROADACCID","ACCIDENTCASUAL","NBR","A","2018",1469,
"EST","ROADACCID","ACCIDENTCASUAL","NBR","A","2019",1406,
"EST","ROADACCID","ACCIDENTCASUAL","NBR","A","2020",1368,
"LTU","ROADACCID","ACCIDENTCASUAL","NBR","A","1970",4679,
"LTU","ROADACCID","ACCIDENTCASUAL","NBR","A","1971",4799,
"LTU","ROADACCID","ACCIDENTCASUAL","NBR","A","1972",4747,
"LTU","ROADACCID","ACCIDENTCASUAL","NBR","A","1973",4809,
"LTU","ROADACCID","ACCIDENTCASUAL","NBR","A","1974",5077,
"LTU","ROADACCID","ACCIDENTCASUAL","NBR","A","1975",6065,
"LTU","ROADACCID","ACCIDENTCASUAL","NBR","A","1976",6215,
"LTU","ROADACCID","ACCIDENTCASUAL","NBR","A","1977",6035,
"LTU","ROADACCID","ACCIDENTCASUAL","NBR","A","1978",6122,
"LTU","ROADACCID","ACCIDENTCASUAL","NBR","A","1979",6410,
"LTU","ROADACCID","ACCIDENTCASUAL","NBR","A","1980",6192,
"LTU","ROADACCID","ACCIDENTCASUAL","NBR","A","1981",6329,
"LTU","ROADACCID","ACCIDENTCASUAL","NBR","A","1982",6321,
"LTU","ROADACCID","ACCIDENTCASUAL","NBR","A","1983",6424,
"LTU","ROADACCID","ACCIDENTCASUAL","NBR","A","1984",6050,
"LTU","ROADACCID","ACCIDENTCASUAL","NBR","A","1985",4323,
"LTU","ROADACCID","ACCIDENTCASUAL","NBR","A","1986",4254,
"LTU","ROADACCID","ACCIDENTCASUAL","NBR","A","1987",4287,
"LTU","ROADACCID","ACCIDENTCASUAL","NBR","A","1988",4778,
"LTU","ROADACCID","ACCIDENTCASUAL","NBR","A","1989",5481,
"LTU","ROADACCID","ACCIDENTCASUAL","NBR","A","1990",5135,
"LTU","ROADACCID","ACCIDENTCASUAL","NBR","A","1991",6067,
"LTU","ROADACCID","ACCIDENTCASUAL","NBR","A","1992",4049,
"LTU","ROADACCID","ACCIDENTCASUAL","NBR","A","1993",4319,
"LTU","ROADACCID","ACCIDENTCASUAL","NBR","A","1994",3902,
"LTU","ROADACCID","ACCIDENTCASUAL","NBR","A","1995",4144,
"LTU","ROADACCID","ACCIDENTCASUAL","NBR","A","1996",4579,
"LTU","ROADACCID","ACCIDENTCASUAL","NBR","A","1997",5319,
"LTU","ROADACCID","ACCIDENTCASUAL","NBR","A","1998",6445,
"LTU","ROADACCID","ACCIDENTCASUAL","NBR","A","1999",6356,
"LTU","ROADACCID","ACCIDENTCASUAL","NBR","A","2000",5807,
"LTU","ROADACCID","ACCIDENTCASUAL","NBR","A","2001",5972,
"LTU","ROADACCID","ACCIDENTCASUAL","NBR","A","2002",6091,
"LTU","ROADACCID","ACCIDENTCASUAL","NBR","A","2003",5965,
"LTU","ROADACCID","ACCIDENTCASUAL","NBR","A","2004",6357,
"LTU","ROADACCID","ACCIDENTCASUAL","NBR","A","2005",6772,
"LTU","ROADACCID","ACCIDENTCASUAL","NBR","A","2006",6588,
"LTU","ROADACCID","ACCIDENTCASUAL","NBR","A","2007",6448,
"LTU","ROADACCID","ACCIDENTCASUAL","NBR","A","2008",4796,
"LTU","ROADACCID","ACCIDENTCASUAL","NBR","A","2009",3805,
"LTU","ROADACCID","ACCIDENTCASUAL","NBR","A","2010",3530,
"LTU","ROADACCID","ACCIDENTCASUAL","NBR","A","2011",3266,
"LTU","ROADACCID","ACCIDENTCASUAL","NBR","A","2012",3391,
"LTU","ROADACCID","ACCIDENTCASUAL","NBR","A","2013",3391,
"LTU","ROADACCID","ACCIDENTCASUAL","NBR","A","2014",3225,
"LTU","ROADACCID","ACCIDENTCASUAL","NBR","A","2015",3033,
"LTU","ROADACCID","ACCIDENTCASUAL","NBR","A","2016",3201,
"LTU","ROADACCID","ACCIDENTCASUAL","NBR","A","2017",3055,
"LTU","ROADACCID","ACCIDENTCASUAL","NBR","A","2018",2925,
"LTU","ROADACCID","ACCIDENTCASUAL","NBR","A","2019",3188,
"LTU","ROADACCID","ACCIDENTCASUAL","NBR","A","2020",2817,
"GRC","ROADACCID","ACCIDENTCASUAL","NBR","A","1970",18289,
"GRC","ROADACCID","ACCIDENTCASUAL","NBR","A","1971",17950,
"GRC","ROADACCID","ACCIDENTCASUAL","NBR","A","1972",17727,
"GRC","ROADACCID","ACCIDENTCASUAL","NBR","A","1973",17627,
"GRC","ROADACCID","ACCIDENTCASUAL","NBR","A","1974",15594,
"GRC","ROADACCID","ACCIDENTCASUAL","NBR","A","1975",15895,
"GRC","ROADACCID","ACCIDENTCASUAL","NBR","A","1976",16009,
"GRC","ROADACCID","ACCIDENTCASUAL","NBR","A","1977",16902,
"GRC","ROADACCID","ACCIDENTCASUAL","NBR","A","1978",17449,
"GRC","ROADACCID","ACCIDENTCASUAL","NBR","A","1979",18553,
"GRC","ROADACCID","ACCIDENTCASUAL","NBR","A","1980",18233,
"GRC","ROADACCID","ACCIDENTCASUAL","NBR","A","1981",19841,
"GRC","ROADACCID","ACCIDENTCASUAL","NBR","A","1982",22401,
"GRC","ROADACCID","ACCIDENTCASUAL","NBR","A","1983",20389,
"GRC","ROADACCID","ACCIDENTCASUAL","NBR","A","1984",21501,
"GRC","ROADACCID","ACCIDENTCASUAL","NBR","A","1985",21537,
"GRC","ROADACCID","ACCIDENTCASUAL","NBR","A","1986",19462,
"GRC","ROADACCID","ACCIDENTCASUAL","NBR","A","1987",18966,
"GRC","ROADACCID","ACCIDENTCASUAL","NBR","A","1988",20753,
"GRC","ROADACCID","ACCIDENTCASUAL","NBR","A","1989",20299,
"GRC","ROADACCID","ACCIDENTCASUAL","NBR","A","1990",19609,
"GRC","ROADACCID","ACCIDENTCASUAL","NBR","A","1991",20764,
"GRC","ROADACCID","ACCIDENTCASUAL","NBR","A","1992",22006,
"GRC","ROADACCID","ACCIDENTCASUAL","NBR","A","1993",22165,
"GRC","ROADACCID","ACCIDENTCASUAL","NBR","A","1994",22222,
"GRC","ROADACCID","ACCIDENTCASUAL","NBR","A","1995",22798,
"GRC","ROADACCID","ACCIDENTCASUAL","NBR","A","1996",23775,
"GRC","ROADACCID","ACCIDENTCASUAL","NBR","A","1997",24295,
"GRC","ROADACCID","ACCIDENTCASUAL","NBR","A","1998",24819,
"GRC","ROADACCID","ACCIDENTCASUAL","NBR","A","1999",24231,
"GRC","ROADACCID","ACCIDENTCASUAL","NBR","A","2000",23001,
"GRC","ROADACCID","ACCIDENTCASUAL","NBR","A","2001",19671,
"GRC","ROADACCID","ACCIDENTCASUAL","NBR","A","2002",16809,
"GRC","ROADACCID","ACCIDENTCASUAL","NBR","A","2003",15751,
"GRC","ROADACCID","ACCIDENTCASUAL","NBR","A","2004",15547,
"GRC","ROADACCID","ACCIDENTCASUAL","NBR","A","2005",16914,
"GRC","ROADACCID","ACCIDENTCASUAL","NBR","A","2006",16019,
"GRC","ROADACCID","ACCIDENTCASUAL","NBR","A","2007",15499,
"GRC","ROADACCID","ACCIDENTCASUAL","NBR","A","2008",15083,
"GRC","ROADACCID","ACCIDENTCASUAL","NBR","A","2009",14789,
"GRC","ROADACCID","ACCIDENTCASUAL","NBR","A","2010",15032,
"GRC","ROADACCID","ACCIDENTCASUAL","NBR","A","2011",13849,
"GRC","ROADACCID","ACCIDENTCASUAL","NBR","A","2012",12398,
"GRC","ROADACCID","ACCIDENTCASUAL","NBR","A","2013",12109,
"GRC","ROADACCID","ACCIDENTCASUAL","NBR","A","2014",11690,
"GRC","ROADACCID","ACCIDENTCASUAL","NBR","A","2015",11440,
"GRC","ROADACCID","ACCIDENTCASUAL","NBR","A","2016",11318,
"GRC","ROADACCID","ACCIDENTCASUAL","NBR","A","2017",10848,
"GRC","ROADACCID","ACCIDENTCASUAL","NBR","A","2018",10737,
"GRC","ROADACCID","ACCIDENTCASUAL","NBR","A","2019",10737,
"GRC","ROADACCID","ACCIDENTCASUAL","NBR","A","2020",9098,"P"
"PRT","ROADACCID","ACCIDENTCASUAL","NBR","A","1970",22662,
"PRT","ROADACCID","ACCIDENTCASUAL","NBR","A","1971",23912,
"PRT","ROADACCID","ACCIDENTCASUAL","NBR","A","1972",25056,
"PRT","ROADACCID","ACCIDENTCASUAL","NBR","A","1973",22896,
"PRT","ROADACCID","ACCIDENTCASUAL","NBR","A","1974",21698,
"PRT","ROADACCID","ACCIDENTCASUAL","NBR","A","1975",33109,
"PRT","ROADACCID","ACCIDENTCASUAL","NBR","A","1976",30568,
"PRT","ROADACCID","ACCIDENTCASUAL","NBR","A","1977",30062,
"PRT","ROADACCID","ACCIDENTCASUAL","NBR","A","1978",32637,
"PRT","ROADACCID","ACCIDENTCASUAL","NBR","A","1979",33331,
"PRT","ROADACCID","ACCIDENTCASUAL","NBR","A","1980",33886,
"PRT","ROADACCID","ACCIDENTCASUAL","NBR","A","1981",33560,
"PRT","ROADACCID","ACCIDENTCASUAL","NBR","A","1982",33324,
"PRT","ROADACCID","ACCIDENTCASUAL","NBR","A","1983",31285,
"PRT","ROADACCID","ACCIDENTCASUAL","NBR","A","1984",29255,
"PRT","ROADACCID","ACCIDENTCASUAL","NBR","A","1985",29156,
"PRT","ROADACCID","ACCIDENTCASUAL","NBR","A","1986",30486,
"PRT","ROADACCID","ACCIDENTCASUAL","NBR","A","1987",38656,
"PRT","ROADACCID","ACCIDENTCASUAL","NBR","A","1988",41915,
"PRT","ROADACCID","ACCIDENTCASUAL","NBR","A","1989",43499,
"PRT","ROADACCID","ACCIDENTCASUAL","NBR","A","1990",45110,
"PRT","ROADACCID","ACCIDENTCASUAL","NBR","A","1991",48953,
"PRT","ROADACCID","ACCIDENTCASUAL","NBR","A","1992",50851,
"PRT","ROADACCID","ACCIDENTCASUAL","NBR","A","1993",48645,
"PRT","ROADACCID","ACCIDENTCASUAL","NBR","A","1994",45830,
"PRT","ROADACCID","ACCIDENTCASUAL","NBR","A","1995",47793,
"PRT","ROADACCID","ACCIDENTCASUAL","NBR","A","1996",49265,
"PRT","ROADACCID","ACCIDENTCASUAL","NBR","A","1997",49417,
"PRT","ROADACCID","ACCIDENTCASUAL","NBR","A","1998",49319,
"PRT","ROADACCID","ACCIDENTCASUAL","NBR","A","1999",47966,
"PRT","ROADACCID","ACCIDENTCASUAL","NBR","A","2000",44159,
"PRT","ROADACCID","ACCIDENTCASUAL","NBR","A","2001",42521,
"PRT","ROADACCID","ACCIDENTCASUAL","NBR","A","2002",42219,
"PRT","ROADACCID","ACCIDENTCASUAL","NBR","A","2003",41495,
"PRT","ROADACCID","ACCIDENTCASUAL","NBR","A","2004",38930,
"PRT","ROADACCID","ACCIDENTCASUAL","NBR","A","2005",37066,
"PRT","ROADACCID","ACCIDENTCASUAL","NBR","A","2006",35680,
"PRT","ROADACCID","ACCIDENTCASUAL","NBR","A","2007",35311,
"PRT","ROADACCID","ACCIDENTCASUAL","NBR","A","2008",33613,
"PRT","ROADACCID","ACCIDENTCASUAL","NBR","A","2009",35484,
"PRT","ROADACCID","ACCIDENTCASUAL","NBR","A","2010",35426,
"PRT","ROADACCID","ACCIDENTCASUAL","NBR","A","2011",32541,
"PRT","ROADACCID","ACCIDENTCASUAL","NBR","A","2012",29867,
"PRT","ROADACCID","ACCIDENTCASUAL","NBR","A","2013",30339,
"PRT","ROADACCID","ACCIDENTCASUAL","NBR","A","2014",30604,
"PRT","ROADACCID","ACCIDENTCASUAL","NBR","A","2015",31953,
"PRT","ROADACCID","ACCIDENTCASUAL","NBR","A","2016",32299,
"PRT","ROADACCID","ACCIDENTCASUAL","NBR","A","2017",34416,
"PRT","ROADACCID","ACCIDENTCASUAL","NBR","A","2018",34235,
"PRT","ROADACCID","ACCIDENTCASUAL","NBR","A","2019",35704,
"ROU","ROADACCID","ACCIDENTCASUAL","NBR","A","1970",4897,
"ROU","ROADACCID","ACCIDENTCASUAL","NBR","A","1971",4491,
"ROU","ROADACCID","ACCIDENTCASUAL","NBR","A","1972",5254,
"ROU","ROADACCID","ACCIDENTCASUAL","NBR","A","1973",5333,
"ROU","ROADACCID","ACCIDENTCASUAL","NBR","A","1974",5225,
"ROU","ROADACCID","ACCIDENTCASUAL","NBR","A","1975",5480,
"ROU","ROADACCID","ACCIDENTCASUAL","NBR","A","1976",5972,
"ROU","ROADACCID","ACCIDENTCASUAL","NBR","A","1977",5937,
"ROU","ROADACCID","ACCIDENTCASUAL","NBR","A","1978",5428,
"ROU","ROADACCID","ACCIDENTCASUAL","NBR","A","1979",5279,
"ROU","ROADACCID","ACCIDENTCASUAL","NBR","A","1980",4802,
"ROU","ROADACCID","ACCIDENTCASUAL","NBR","A","1981",4638,
"ROU","ROADACCID","ACCIDENTCASUAL","NBR","A","1982",4264,
"ROU","ROADACCID","ACCIDENTCASUAL","NBR","A","1983",3834,
"ROU","ROADACCID","ACCIDENTCASUAL","NBR","A","1984",3662,
"ROU","ROADACCID","ACCIDENTCASUAL","NBR","A","1985",3348,
"ROU","ROADACCID","ACCIDENTCASUAL","NBR","A","1986",2983,
"ROU","ROADACCID","ACCIDENTCASUAL","NBR","A","1987",2825,
"ROU","ROADACCID","ACCIDENTCASUAL","NBR","A","1988",2788,
"ROU","ROADACCID","ACCIDENTCASUAL","NBR","A","1989",2586,
"ROU","ROADACCID","ACCIDENTCASUAL","NBR","A","1990",9708,"B"
"ROU","ROADACCID","ACCIDENTCASUAL","NBR","A","1991",8948,
"ROU","ROADACCID","ACCIDENTCASUAL","NBR","A","1992",8181,
"ROU","ROADACCID","ACCIDENTCASUAL","NBR","A","1993",8972,
"ROU","ROADACCID","ACCIDENTCASUAL","NBR","A","1994",9381,
"ROU","ROADACCID","ACCIDENTCASUAL","NBR","A","1995",9119,
"ROU","ROADACCID","ACCIDENTCASUAL","NBR","A","1996",8931,
"ROU","ROADACCID","ACCIDENTCASUAL","NBR","A","1997",8801,
"ROU","ROADACCID","ACCIDENTCASUAL","NBR","A","1998",8457,
"ROU","ROADACCID","ACCIDENTCASUAL","NBR","A","1999",7846,
"ROU","ROADACCID","ACCIDENTCASUAL","NBR","A","2000",7555,
"ROU","ROADACCID","ACCIDENTCASUAL","NBR","A","2001",7244,
"ROU","ROADACCID","ACCIDENTCASUAL","NBR","A","2002",7047,
"ROU","ROADACCID","ACCIDENTCASUAL","NBR","A","2003",6654,
"ROU","ROADACCID","ACCIDENTCASUAL","NBR","A","2004",6860,
"ROU","ROADACCID","ACCIDENTCASUAL","NBR","A","2005",7226,
"ROU","ROADACCID","ACCIDENTCASUAL","NBR","A","2006",21904,"B"
"ROU","ROADACCID","ACCIDENTCASUAL","NBR","A","2007",24662,
"ROU","ROADACCID","ACCIDENTCASUAL","NBR","A","2008",29861,
"ROU","ROADACCID","ACCIDENTCASUAL","NBR","A","2009",28612,
"ROU","ROADACCID","ACCIDENTCASUAL","NBR","A","2010",25996,
"ROU","ROADACCID","ACCIDENTCASUAL","NBR","A","2011",26648,
"ROU","ROADACCID","ACCIDENTCASUAL","NBR","A","2012",26928,
"ROU","ROADACCID","ACCIDENTCASUAL","NBR","A","2013",24827,
"ROU","ROADACCID","ACCIDENTCASUAL","NBR","A","2014",25355,
"ROU","ROADACCID","ACCIDENTCASUAL","NBR","A","2015",28944,
"ROU","ROADACCID","ACCIDENTCASUAL","NBR","A","2016",30751,
"ROU","ROADACCID","ACCIDENTCASUAL","NBR","A","2017",31106,
"ROU","ROADACCID","ACCIDENTCASUAL","NBR","A","2018",30202,
"ROU","ROADACCID","ACCIDENTCASUAL","NBR","A","2019",31146,
"NLD","ROADACCID","ACCIDENTCASUAL","NBR","A","1970",59000,
"NLD","ROADACCID","ACCIDENTCASUAL","NBR","A","1971",62000,
"NLD","ROADACCID","ACCIDENTCASUAL","NBR","A","1972",60000,
"NLD","ROADACCID","ACCIDENTCASUAL","NBR","A","1973",60000,
"NLD","ROADACCID","ACCIDENTCASUAL","NBR","A","1974",57000,
"NLD","ROADACCID","ACCIDENTCASUAL","NBR","A","1975",52365,
"NLD","ROADACCID","ACCIDENTCASUAL","NBR","A","1976",54000,
"NLD","ROADACCID","ACCIDENTCASUAL","NBR","A","1977",56000,
"NLD","ROADACCID","ACCIDENTCASUAL","NBR","A","1978",54000,
"NLD","ROADACCID","ACCIDENTCASUAL","NBR","A","1979",48000,
"NLD","ROADACCID","ACCIDENTCASUAL","NBR","A","1980",49396,
"NLD","ROADACCID","ACCIDENTCASUAL","NBR","A","1981",46656,
"NLD","ROADACCID","ACCIDENTCASUAL","NBR","A","1982",45517,
"NLD","ROADACCID","ACCIDENTCASUAL","NBR","A","1983",45646,
"NLD","ROADACCID","ACCIDENTCASUAL","NBR","A","1984",44317,
"NLD","ROADACCID","ACCIDENTCASUAL","NBR","A","1985",42348,
"NLD","ROADACCID","ACCIDENTCASUAL","NBR","A","1986",14364,"B"
"NLD","ROADACCID","ACCIDENTCASUAL","NBR","A","1987",13556,
"NLD","ROADACCID","ACCIDENTCASUAL","NBR","A","1988",13360,
"NLD","ROADACCID","ACCIDENTCASUAL","NBR","A","1989",13485,
"NLD","ROADACCID","ACCIDENTCASUAL","NBR","A","1990",13247,
"NLD","ROADACCID","ACCIDENTCASUAL","NBR","A","1991",11734,
"NLD","ROADACCID","ACCIDENTCASUAL","NBR","A","1992",11364,
"NLD","ROADACCID","ACCIDENTCASUAL","NBR","A","1993",11227,
"NLD","ROADACCID","ACCIDENTCASUAL","NBR","A","1994",11469,
"NLD","ROADACCID","ACCIDENTCASUAL","NBR","A","1995",11437,
"NLD","ROADACCID","ACCIDENTCASUAL","NBR","A","1996",11561,
"NLD","ROADACCID","ACCIDENTCASUAL","NBR","A","1997",11238,
"NLD","ROADACCID","ACCIDENTCASUAL","NBR","A","1998",11124,
"NLD","ROADACCID","ACCIDENTCASUAL","NBR","A","1999",11599,
"NLD","ROADACCID","ACCIDENTCASUAL","NBR","A","2000",10873,
"NLD","ROADACCID","ACCIDENTCASUAL","NBR","A","2001",10456,
"NLD","ROADACCID","ACCIDENTCASUAL","NBR","A","2002",10337,
"NLD","ROADACCID","ACCIDENTCASUAL","NBR","A","2003",10122,
"NLD","ROADACCID","ACCIDENTCASUAL","NBR","A","2004",9013,
"NLD","ROADACCID","ACCIDENTCASUAL","NBR","A","2005",8929,
"NLD","ROADACCID","ACCIDENTCASUAL","NBR","A","2006",8717,
"NLD","ROADACCID","ACCIDENTCASUAL","NBR","A","2007",9228,
"NLD","ROADACCID","ACCIDENTCASUAL","NBR","A","2008",8897,
"NLD","ROADACCID","ACCIDENTCASUAL","NBR","A","2009",6927,
"NLD","ROADACCID","ACCIDENTCASUAL","NBR","A","2010",3853,"E"
"NLD","ROADACCID","ACCIDENTCASUAL","NBR","A","2012",4968,
"NLD","ROADACCID","ACCIDENTCASUAL","NBR","A","2013",9522,
"NLD","ROADACCID","ACCIDENTCASUAL","NBR","A","2014",13358,
"NLD","ROADACCID","ACCIDENTCASUAL","NBR","A","2015",18523,
"NLD","ROADACCID","ACCIDENTCASUAL","NBR","A","2016",18749,
"NLD","ROADACCID","ACCIDENTCASUAL","NBR","A","2017",18706,
"ESP","ROADACCID","ACCIDENTCASUAL","NBR","A","1970",58000,
"ESP","ROADACCID","ACCIDENTCASUAL","NBR","A","1971",58000,
"ESP","ROADACCID","ACCIDENTCASUAL","NBR","A","1972",62000,
"ESP","ROADACCID","ACCIDENTCASUAL","NBR","A","1973",66000,
"ESP","ROADACCID","ACCIDENTCASUAL","NBR","A","1974",63000,
"ESP","ROADACCID","ACCIDENTCASUAL","NBR","A","1975",62123,
"ESP","ROADACCID","ACCIDENTCASUAL","NBR","A","1976",66000,
"ESP","ROADACCID","ACCIDENTCASUAL","NBR","A","1977",66000,
"ESP","ROADACCID","ACCIDENTCASUAL","NBR","A","1978",70000,
"ESP","ROADACCID","ACCIDENTCASUAL","NBR","A","1979",71000,
"ESP","ROADACCID","ACCIDENTCASUAL","NBR","A","1980",67803,
"ESP","ROADACCID","ACCIDENTCASUAL","NBR","A","1981",67012,
"ESP","ROADACCID","ACCIDENTCASUAL","NBR","A","1982",63585,
"ESP","ROADACCID","ACCIDENTCASUAL","NBR","A","1983",72329,
"ESP","ROADACCID","ACCIDENTCASUAL","NBR","A","1984",74111,
"ESP","ROADACCID","ACCIDENTCASUAL","NBR","A","1985",81234,
"ESP","ROADACCID","ACCIDENTCASUAL","NBR","A","1986",87703,
"ESP","ROADACCID","ACCIDENTCASUAL","NBR","A","1987",98182,
"ESP","ROADACCID","ACCIDENTCASUAL","NBR","A","1988",106356,
"ESP","ROADACCID","ACCIDENTCASUAL","NBR","A","1989",109804,
"ESP","ROADACCID","ACCIDENTCASUAL","NBR","A","1990",101507,
"ESP","ROADACCID","ACCIDENTCASUAL","NBR","A","1991",98128,
"ESP","ROADACCID","ACCIDENTCASUAL","NBR","A","1992",87293,
"ESP","ROADACCID","ACCIDENTCASUAL","NBR","A","1993",79925,
"ESP","ROADACCID","ACCIDENTCASUAL","NBR","A","1994",78474,
"ESP","ROADACCID","ACCIDENTCASUAL","NBR","A","1995",83586,
"ESP","ROADACCID","ACCIDENTCASUAL","NBR","A","1996",85588,
"ESP","ROADACCID","ACCIDENTCASUAL","NBR","A","1997",86067,
"ESP","ROADACCID","ACCIDENTCASUAL","NBR","A","1998",97570,
"ESP","ROADACCID","ACCIDENTCASUAL","NBR","A","1999",97811,
"ESP","ROADACCID","ACCIDENTCASUAL","NBR","A","2000",101729,
"ESP","ROADACCID","ACCIDENTCASUAL","NBR","A","2001",100393,
"ESP","ROADACCID","ACCIDENTCASUAL","NBR","A","2002",98433,
"ESP","ROADACCID","ACCIDENTCASUAL","NBR","A","2003",99987,
"ESP","ROADACCID","ACCIDENTCASUAL","NBR","A","2004",94009,
"ESP","ROADACCID","ACCIDENTCASUAL","NBR","A","2005",91187,
"ESP","ROADACCID","ACCIDENTCASUAL","NBR","A","2006",99797,
"ESP","ROADACCID","ACCIDENTCASUAL","NBR","A","2007",100508,
"ESP","ROADACCID","ACCIDENTCASUAL","NBR","A","2008",93161,
"ESP","ROADACCID","ACCIDENTCASUAL","NBR","A","2009",88251,
"ESP","ROADACCID","ACCIDENTCASUAL","NBR","A","2010",85503,
"ESP","ROADACCID","ACCIDENTCASUAL","NBR","A","2011",83027,
"ESP","ROADACCID","ACCIDENTCASUAL","NBR","A","2012",83115,
"ESP","ROADACCID","ACCIDENTCASUAL","NBR","A","2013",89519,
"ESP","ROADACCID","ACCIDENTCASUAL","NBR","A","2014",91570,
"ESP","ROADACCID","ACCIDENTCASUAL","NBR","A","2015",97756,
"ESP","ROADACCID","ACCIDENTCASUAL","NBR","A","2016",102362,
"ESP","ROADACCID","ACCIDENTCASUAL","NBR","A","2017",102233,
"ESP","ROADACCID","ACCIDENTCASUAL","NBR","A","2018",102299,
"ESP","ROADACCID","ACCIDENTCASUAL","NBR","A","2019",104080,
